area_type,availability,location,size,society,total_sqft,bath,balcony,price,Pincode
Super built-up  Area,19-Dec,Electronic City Phase II,2 BHK,Coomee ,1056,2,1,39.07,560100
Plot  Area,Ready To Move,Chikka Tirupathi,4 Bedroom,Theanmp,2600,5,3,120,561203
Built-up  Area,Ready To Move,Uttarahalli,3 BHK,,1440,2,3,62,560061
Super built-up  Area,Ready To Move,Lingadheeranahalli,3 BHK,Soiewre,1521,3,1,95,560091
Super built-up  Area,Ready To Move,Kothanur,2 BHK,,1200,2,1,51,560077
Super built-up  Area,Ready To Move,Whitefield,2 BHK,DuenaTa,1170,2,1,38,560066
Super built-up  Area,18-May,Old Airport Road,4 BHK,Jaades ,2732,4,,204,ERROR
Super built-up  Area,Ready To Move,Rajaji Nagar,4 BHK,Brway G,3300,4,,600,560010
Super built-up  Area,Ready To Move,Marathahalli,3 BHK,,1310,3,1,63.25,560037
Plot  Area,Ready To Move,Gandhi Bazar,6 Bedroom,,1020,6,,370,560004
Super built-up  Area,18-Feb,Whitefield,3 BHK,,1800,2,2,70,560066
Plot  Area,Ready To Move,Whitefield,4 Bedroom,Prrry M,2785,5,3,295,560066
Super built-up  Area,Ready To Move,7th Phase JP Nagar,2 BHK,Shncyes,1000,2,1,38,560078
Built-up  Area,Ready To Move,Gottigere,2 BHK,,1100,2,2,40,560083
Plot  Area,Ready To Move,Sarjapur,3 Bedroom,Skityer,2250,3,2,148,560037
Super built-up  Area,Ready To Move,Mysore Road,2 BHK,PrntaEn,1175,2,2,73.5,560076
Super built-up  Area,Ready To Move,Bisuvanahalli,3 BHK,Prityel,1180,3,2,48,ERROR
Super built-up  Area,Ready To Move,Raja Rajeshwari Nagar,3 BHK,GrrvaGr,1540,3,3,60,560098
Super built-up  Area,Ready To Move,Ramakrishnappa Layout,3 BHK,PeBayle,2770,4,2,290,560094
area_type,availability,location,size,society,total_sqft,bath,balcony,price,Pincode
Super built-up  Area,19-Dec,Electronic City Phase II,2 BHK,Coomee ,1056,2,1,39.07,560100
Plot  Area,Ready To Move,Chikka Tirupathi,4 Bedroom,Theanmp,2600,5,3,120,561203
Built-up  Area,Ready To Move,Uttarahalli,3 BHK,,1440,2,3,62,560061
Super built-up  Area,Ready To Move,Lingadheeranahalli,3 BHK,Soiewre,1521,3,1,95,560091
Super built-up  Area,Ready To Move,Kothanur,2 BHK,,1200,2,1,51,560077
Super built-up  Area,Ready To Move,Whitefield,2 BHK,DuenaTa,1170,2,1,38,560066
Super built-up  Area,18-May,Old Airport Road,4 BHK,Jaades ,2732,4,,204,ERROR
Super built-up  Area,Ready To Move,Rajaji Nagar,4 BHK,Brway G,3300,4,,600,560010
Super built-up  Area,Ready To Move,Marathahalli,3 BHK,,1310,3,1,63.25,560037
Plot  Area,Ready To Move,Gandhi Bazar,6 Bedroom,,1020,6,,370,560004
Super built-up  Area,18-Feb,Whitefield,3 BHK,,1800,2,2,70,560066
Plot  Area,Ready To Move,Whitefield,4 Bedroom,Prrry M,2785,5,3,295,560066
Super built-up  Area,Ready To Move,7th Phase JP Nagar,2 BHK,Shncyes,1000,2,1,38,560078
Built-up  Area,Ready To Move,Gottigere,2 BHK,,1100,2,2,40,560083
Plot  Area,Ready To Move,Sarjapur,3 Bedroom,Skityer,2250,3,2,148,560037
Super built-up  Area,Ready To Move,Mysore Road,2 BHK,PrntaEn,1175,2,2,73.5,560076
Super built-up  Area,Ready To Move,Bisuvanahalli,3 BHK,Prityel,1180,3,2,48,ERROR
Super built-up  Area,Ready To Move,Raja Rajeshwari Nagar,3 BHK,GrrvaGr,1540,3,3,60,560098
Super built-up  Area,Ready To Move,Ramakrishnappa Layout,3 BHK,PeBayle,2770,4,2,290,560094
Super built-up  Area,Ready To Move,Manayata Tech Park,2 BHK,,1100,2,2,48,ERROR
Built-up  Area,Ready To Move,Kengeri,1 BHK,,600,1,1,15,560060
Super built-up  Area,19-Dec,Binny Pete,3 BHK,She 2rk,1755,3,1,122,560046
Plot  Area,Ready To Move,Thanisandra,4 Bedroom,Soitya ,2800,5,2,380,560077
Super built-up  Area,Ready To Move,Bellandur,3 BHK,,1767,3,1,103,560037
Super built-up  Area,18-Nov, Thanisandra,1 RK,Bhe 2ko,510,1,0,25.25,560077
Super built-up  Area,18-May,Mangammanapalya,3 BHK,,1250,3,2,56,560068
Super built-up  Area,Ready To Move,Electronic City,2 BHK,Itelaa ,660,1,1,23.1,560100
Built-up  Area,20-Dec,Whitefield,3 BHK,,1610,3,2,81,560066
Super built-up  Area,17-Oct,Ramagondanahalli,2 BHK,ViistLa,1151,2,2,48.77,560066
Super built-up  Area,Ready To Move,Electronic City,3 BHK,KBityo ,1025,2,1,47,560100
Super built-up  Area,19-Dec,Yelahanka,4 BHK,LedorSa,2100 - 2850,4,0,186,560064
Super built-up  Area,Ready To Move,Bisuvanahalli,3 BHK,Prityel,1075,2,1,35,ERROR
Super built-up  Area,Ready To Move,Hebbal,3 BHK,Mahosya,1760,2,2,123,560024
Super built-up  Area,Ready To Move,Raja Rajeshwari Nagar,3 BHK,GrrvaGr,1693,3,3,57.39,560098
Built-up  Area,Ready To Move,Kasturi Nagar,3 BHK,Kantsce,1925,3,,125,560043
Super built-up  Area,21-Dec,Kanakpura Road,2 BHK,PrarePa,700,2,1,36,560062
Super built-up  Area,Ready To Move,Electronics City Phase 1,2 BHK,,1070,2,1,45.5,560100
Super built-up  Area,Ready To Move,Kundalahalli,3 BHK,Dieldli,1724,3,2,125,560037
Super built-up  Area,Ready To Move,Chikkalasandra,3 BHK,,1290,2,2,56.12,560061
Built-up  Area,Ready To Move,Uttarahalli,2 BHK,,1143,2,2,45,560061
Built-up  Area,Ready To Move,Murugeshpalya,2 BHK,Gentson,1296,2,,81,560017
Super built-up  Area,19-Dec,Sarjapur  Road,3 BHK,Soini T,1254,3,2,38,562125
Super built-up  Area,Ready To Move,Ganga Nagar,1 BHK,Ceove G,600,1,0,38,ERROR
Plot  Area,Ready To Move,Yelahanka,1 Bedroom,,660,1,0,48,560064
Super built-up  Area,19-Sep,Kanakpura Road,2 BHK,Soazak ,1330.74,2,2,91.79,560062
Plot  Area,Ready To Move,HSR Layout,8 Bedroom,,600,9,,200,560102
Super built-up  Area,Ready To Move,Doddathoguru,2 BHK,LancyRe,970,2,0,33,560100
Super built-up  Area,20-Sep,Whitefield,2 BHK,Goted U,1459,2,1,94.82,560066
Plot  Area,Ready To Move,KR Puram,2 Bedroom,,800,1,1,130,573201
Built-up  Area,Ready To Move,Himagiri Meadows,2 BHK,,869,2,1,36,ERROR
Super built-up  Area,Ready To Move,Adarsh Nagar,2 BHK,Bhncyis,1270,2,1,50,305001
Super built-up  Area,18-Mar,Bhoganhalli,3 BHK,Rosha I,1670,3,1,99,ERROR
Built-up  Area,Ready To Move,Whitefield,3 BHK,Suent V,2010,3,2,91,560066
Super built-up  Area,Ready To Move,Lakshminarayana Pura,2 BHK,RothaVa,1185,2,2,75,ERROR
Super built-up  Area,Ready To Move,Yelahanka,3 BHK,NCowsar,1600,2,3,75,560064
Super built-up  Area,Ready To Move,Begur Road,2 BHK,Dhalsh ,1200,2,2,44,560068
Built-up  Area,20-Feb,Devanahalli,4 Bedroom,BrereAt,3010 - 3410,,,192,562110
Super built-up  Area,Ready To Move,Ramakrishnappa Layout,2 BHK,PeBayle,1500,2,2,185,560094
Plot  Area,Ready To Move,Murugeshpalya,6 Bedroom,,1407,4,1,150,560017
Super built-up  Area,Ready To Move,Govindaraja Nagar Ward,2 BHK,,840,2,2,45,ERROR
Plot  Area,Ready To Move,Tharabanahalli,3 Bedroom,,4395,3,2,240,ERROR
Super built-up  Area,Ready To Move,Ganga Nagar,2 BHK,Laavevi,845,2,1,55,ERROR
Plot  Area,Ready To Move,Whitefield,4 Bedroom,Chranya,5700,5,3,650,560066
Built-up  Area,Ready To Move,Varthur,2 BHK,HioraTr,1160,2,2,44,560087
Built-up  Area,Ready To Move,Bommanahalli,8 Bedroom,,3000,8,0,140,560068
Super built-up  Area,Ready To Move,Doddathoguru,2 BHK,,1100,2,1,62,560100
Super built-up  Area,18-Apr,Gunjur,2 BHK,BMineis,1140,2,3,43,560087
Super built-up  Area,Ready To Move,Marathahalli,2 BHK,,1220,2,1,57,560037
Plot  Area,Ready To Move,Devarachikkanahalli,8 Bedroom,,1350,7,0,85,560076
Super built-up  Area,Ready To Move,Kanakpura Road,2 BHK,,1005,2,1,36.68,560062
Plot  Area,Ready To Move,Double Road,3 Bedroom,,500,3,2,100,560027
Super built-up  Area,20-Aug,Begur Road,2 BHK,Pruthg ,1358,2,1,80.58,560068
Super built-up  Area,Ready To Move,Hegde Nagar,3 BHK,Sonosty,1569,3,1,101,ERROR
Super built-up  Area,18-Apr,Haralur Road,2 BHK,SNnia E,1240,2,1,70,ERROR
Super built-up  Area,Ready To Move,Hennur Road,3 BHK,Anavi B,2089,3,2,140,560077
Super built-up  Area,Ready To Move,Kothannur,2 BHK,,1206,2,1,48.23,560077
Super built-up  Area,Ready To Move,Kalena Agrahara,2 BHK,,1150,2,3,40,560076
Built-up  Area,Ready To Move,Cholanayakanahalli,3 BHK,Viony H,2511,3,3,205,560032
Built-up  Area,Ready To Move,Kaval Byrasandra,2 BHK,,460,1,0,22,560032
Built-up  Area,Ready To Move,ISRO Layout,6 Bedroom,,4400,6,3,250,560078
Super built-up  Area,Ready To Move,Kodanda Reddy Layout,3 BHK,AdentEl,1660,2,2,105,ERROR
Built-up  Area,18-Oct,Hennur Road,4 Bedroom,Gollela,2957 - 3450,,,224.5,560077
Super built-up  Area,19-Mar,Yelahanka,2 BHK,Niareum,1326,2,2,78,560064
Super built-up  Area,Ready To Move,Garudachar Palya,3 BHK,,1325,2,2,60.8,560048
Super built-up  Area,Ready To Move,EPIP Zone,3 BHK,SJlynro,1499,5,2,102,560066
Built-up  Area,Ready To Move,Hegde Nagar,6 Bedroom,,3000,7,2,210,ERROR
Super built-up  Area,Ready To Move,Kanakpura Road,3 BHK,,1665,3,2,88,560062
Super built-up  Area,17-Sep,Dasanapura,2 BHK,Tavenew,708,2,2,37,562123
Super built-up  Area,Ready To Move,Kasavanhalli,2 BHK,Srire S,1060,2,2,58.06,560035
Plot  Area,Ready To Move,Rajaji Nagar,6 Bedroom,,710,6,3,160,560010
Built-up  Area,Ready To Move,Sanjay nagar,2 BHK,Saenti ,1000,2,2,70,201002
Super built-up  Area,18-Dec,Electronic City,2 BHK,,1000,2,1,28.88,560100
Super built-up  Area,Ready To Move, Mysore Highway,3 BHK,,1450,2,2,70,562109
Plot  Area,Ready To Move,ISRO Layout,4 Bedroom,,1200,4,2,155,560078
Super built-up  Area,17-Aug,Thanisandra,2 BHK,Bhmesy ,1296,2,3,80,560077
Super built-up  Area,Ready To Move,Domlur,3 BHK,,1540,3,2,90,560071
Plot  Area,Ready To Move,Kengeri,4 Bedroom,Goardth,2894,4,1,245,560060
Super built-up  Area,Ready To Move,Sarjapura - Attibele Road,3 BHK,,1330,2,1,48,562107
Built-up  Area,Ready To Move,Devasthanagalu,2 BHK,,1200,2,1,65,ERROR
Built-up  Area,Ready To Move,T Dasarahalli,3 Bedroom,,1200,3,1,90,560057
Super built-up  Area,Ready To Move,Yeshwanthpur,3 BHK,IBityin,2502,3,3,138,560022
Built-up  Area,Ready To Move,Chandapura,2 BHK,KHityry,650,1,1,17,560081
Plot  Area,Ready To Move,Kothanur,3 Bedroom,BDensar,2400,2,1,150,560077
Super built-up  Area,Ready To Move,Green View Layout,2 BHK,Makeser,1007,2,2,43,ERROR
Super built-up  Area,Ready To Move,Shantiniketan Layout,2 BHK,Maest N,1200,2,2,50,560076
Super built-up  Area,Ready To Move,Peenya,2 BHK,,966,2,2,49.9,560058
Built-up  Area,Ready To Move,Nagarbhavi,3 BHK,,1630,2,1,98,560072
Built-up  Area,Ready To Move,Rajaji Nagar,3 BHK,Brway G,1640,3,2,229,560010
Built-up  Area,Ready To Move,Jalahalli West,2 BHK,,782,2,2,55.68,560015
Super built-up  Area,19-Apr,Devanahalli,2 BHK,Oznuean,1260,2,2,66.78,562110
Super built-up  Area,Ready To Move,Lakshmiamma Garden,3 BHK,,1800,3,3,120,ERROR
Super built-up  Area,Ready To Move,Byatarayanapura,3 BHK,Reeroce,1413,2,2,75,742149
Super built-up  Area,Ready To Move,Whitefield,2 BHK,Sonviik,1116,2,1,51.91,560066
Super built-up  Area,Ready To Move,Electronic City,3 BHK,DSgmax ,1530,2,1,45.9,560100
Built-up  Area,Ready To Move,Ramamurthy Nagar,4 Bedroom,,3700,4,1,225,560016
Built-up  Area,Ready To Move,Sarjapur  Road,3 Bedroom,Cetattu,2497,3,2,140,562125
Super built-up  Area,Ready To Move,Kengeri,3 BHK,Vaens G,1540,2,3,64,560060
Super built-up  Area,18-Dec,Thanisandra,3 BHK,,1436,3,1,74.75,560077
Super built-up  Area,18-Jun,Malleshwaram,2 BHK,,1100,2,2,75,560003
Plot  Area,Ready To Move,Hennur Road,2 Bedroom,,276,3,3,23,560077
Super built-up  Area,Ready To Move,Thanisandra,3 BHK,Moity S,1427,3,2,120,560077
Super built-up  Area,Ready To Move,Akshaya Nagar,3 BHK,HiahsLa,2061,3,1,200,560016
Super built-up  Area,18-Mar,Hebbal,4 BHK,SNontle,3067 - 8156,4,0,477,560024
Built-up  Area,Ready To Move,Shampura,4 BHK,,2650,4,2,150,560045
Super built-up  Area,22-Dec,Devanahalli,3 BHK,Sabixtt,1282,2,2,68.52,562110
Built-up  Area,Ready To Move,Kadugodi,2 BHK,,1050,2,1,34,560067
Built-up  Area,Ready To Move,LB Shastri Nagar,3 BHK,Sragei ,1600,3,2,65,ERROR
Super built-up  Area,22-Jan,Vajarahalli,2 BHK,,945,2,1,54,560062
Super built-up  Area,Ready To Move,Hormavu,2 BHK,SyidaCr,1500,2,1,78,560043
Plot  Area,Ready To Move,Vishwapriya Layout,7 Bedroom,,950,7,0,115,ERROR
Built-up  Area,Ready To Move,Peenya,3 BHK,Jahts H,1870,3,3,110,560058
Plot  Area,Ready To Move,Sarjapur,3 Bedroom,Inensba,1600,3,1,75,560037
Super built-up  Area,Ready To Move,Electronic City,2 BHK,Itelaa ,880,1,1,16.5,560100
Plot  Area,Ready To Move,Ramaswamy Palya - Kammanahalli Main Road,4 Bedroom,,1200,4,0,210,ERROR
Super built-up  Area,Ready To Move,Kudlu Gate,3 BHK,Srier P,1535,3,2,83,560068
Built-up  Area,Ready To Move,Kanakpura Road,2 BHK,Wiowsri,950,2,1,57,560062
Super built-up  Area,18-Aug,Devanahalli,2 BHK,Derdsig,1360,2,1,65,562110
Super built-up  Area,19-Mar,8th Phase JP Nagar,2 BHK,Vaarech,1042 - 1105,2,0,54.005,ERROR
Super built-up  Area,18-May,Bommasandra Industrial Area,3 BHK,,1280,3,1,50.4,560001
Super built-up  Area,19-Jan,Chandra Layout,3 BHK,TiaksAa,1260,2,2,85.05,560040
Built-up  Area,Ready To Move,Hennur Road,8 Bedroom,,5000,8,,250,560077
Super built-up  Area,19-Dec,Yelahanka,5 BHK,LedorSa,3050,5,1,213,560064
Super built-up  Area,Ready To Move,Kasavanhalli,3 BHK,HMwerCo,1563.05,3,1,105,560035
Super built-up  Area,Ready To Move,ISRO Layout,2 BHK,,1000,2,1,60,560078
Super built-up  Area,17-Jul,Anandapura,2 BHK,ViensRK,1167,2,1,43.76,560016
Super built-up  Area,Ready To Move,Vishveshwarya Layout,7 BHK,,4000,7,2,225,ERROR
Super built-up  Area,Ready To Move,Kothanur,3 BHK,Somumys,1828,3,,110,560077
Super built-up  Area,Ready To Move,Kengeri Satellite Town,2 BHK,HoiewLa,890,2,1,35,560068
Super built-up  Area,Ready To Move,Basavanapura,3 BHK,Dwity T,1612,3,3,46.74,560049
Plot  Area,Ready To Move,Dinnur,6 Bedroom,,1034,5,,185,560032
Super built-up  Area,19-Apr,Mysore Road,3 BHK,Brama P,1710,4,2,91.31,560076
Super built-up  Area,Ready To Move,Kannamangala,2 BHK,VBownre,957,2,1,58,560067
Super built-up  Area,18-May, Devarachikkanahalli,3 BHK,,1250,2,3,44,560076
Super built-up  Area,Ready To Move,Sanjeevini Nagar,3 BHK,Betatsi,2795,4,,235,560092
Super built-up  Area,Ready To Move,Hulimavu,2 BHK,Prcan P,1125,2,2,50,560076
Super built-up  Area,18-Jul,Electronic City Phase II,2 BHK,Sryalan,1020,2,1,30.6,560100
Super built-up  Area,Ready To Move,Kalena Agrahara,2 BHK,,1200,2,2,50,560076
Super built-up  Area,Ready To Move,Thanisandra,3 BHK,Soitya ,1735,3,3,135,560077
Super built-up  Area,Ready To Move,Thanisandra,3 BHK,G conTh,2050,3,1,145,560077
Plot  Area,Ready To Move,Mahalakshmi Layout,4 Bedroom,,3750,4,0,760,560086
Built-up  Area,Ready To Move,Yarandahalli,3 BHK,,1350,2,3,48,560105
Super built-up  Area,18-May,Hosa Road,2 BHK,SStusan,1063,2,1,32,560100
Super built-up  Area,Ready To Move,Keshava Nagar,3 BHK,ETens G,1904,3,1,150,ERROR
Built-up  Area,Ready To Move,Whitefield,4 Bedroom,,4200,4,2,420,560066
Super built-up  Area,Ready To Move,RMV Extension,3 BHK,Hohnari,2000,3,1,175,560094
Super built-up  Area,18-Dec,Sarjapur,2 BHK,Kinuerg,1145 - 1340,2,0,43.49,560037
Super built-up  Area,Ready To Move,Tejaswini Nagar,3 BHK,Naods W,1425,2,2,75,ERROR
Super built-up  Area,Ready To Move,Electronic City,3 BHK,GMown E,1500,2,1,64.5,560100
Built-up  Area,Ready To Move,Electronic City,2 BHK,GMown E,1060,2,1,60,560100
Built-up  Area,Ready To Move,Jai Bheema Nagar,3 BHK,Sancyra,1470,2,2,70,560068
Super built-up  Area,Ready To Move,Kothnur Narayanapura,6 BHK,,1300,6,0,99,560016
Super built-up  Area,Ready To Move,Attibele,1 BHK,Jae 1hu,450,1,1,11,562107
Super built-up  Area,18-Apr,Electronic City,2 BHK,Prarkun,1152,2,1,64.5,560100
Super built-up  Area,Ready To Move,Electronic City,3 BHK,GMown E,1350,2,1,56,560100
Super built-up  Area,Ready To Move,CV Raman Nagar,3 BHK,Srshq T,1550,3,3,65,123123
Plot  Area,Ready To Move,CHIKKATIRUPATHI,3 Bedroom,,1500,3,2,100,ERROR
Plot  Area,Ready To Move,Kumaraswami Layout,5 Bedroom,,600,3,2,85,560078
Plot  Area,Ready To Move,Nagavara,1 Bedroom,,400,1,0,14,562108
Super built-up  Area,Ready To Move,Malleshwaram,1 BHK,Utntspa,705,1,2,67,560003
Built-up  Area,Ready To Move,Electronic City,2 BHK,GMown E,770,1,1,36,560100
Super built-up  Area,Ready To Move,Hulimavu,2 BHK,Aniona ,1242,2,3,51,560076
Super built-up  Area,Ready To Move,Hebbal Kempapura,3 BHK,Goateds,1700,3,2,155,560024
Super built-up  Area,Ready To Move,Thanisandra,3 BHK,Soitya ,2144,3,2,145,560077
Super built-up  Area,21-Jun,Vijayanagar,3 BHK,Saahaat,1704,3,2,110,560040
Super built-up  Area,Ready To Move,Electronic City,2 BHK,GMown E,1070,2,1,52,560100
Plot  Area,Ready To Move,8th block Koramangala,3 Bedroom,,1846,3,2,300,560095
Super built-up  Area,Ready To Move,Jakkuru Layout,2 BHK,,1340,2,2,55.7,560064
Built-up  Area,Ready To Move,Electronic City,2 BHK,GMown E,1025,2,1,46,560100
Super built-up  Area,Ready To Move,KR Puram,2 BHK,MCvarar,1015 - 1540,2,0,56.8,573201
Super built-up  Area,Ready To Move,Marathahalli,2 BHK,VRave E,1200,2,2,52,560037
Built-up  Area,18-Dec,Kanakpura Road,4 Bedroom,,2250,4,1,110,560062
Super built-up  Area,Ready To Move,Pattandur Agrahara,3 BHK,MaidoPl,1550,2,3,80,560066
Plot  Area,Ready To Move,Bellandur,4 Bedroom,,1200,5,,325,560037
Plot  Area,Ready To Move,Ejipura,7 Bedroom,,1800,7,1,250,560047
Super built-up  Area,Ready To Move,Marathahalli,2 BHK,Aiitya ,1200,2,2,60,560037
Super built-up  Area,Ready To Move,Yelahanka,2 BHK,PuziaVe,1327,2,2,98,560064
Super built-up  Area,Ready To Move,Kothanur,2 BHK,,1186,2,2,58,560077
Built-up  Area,Ready To Move,MS Pallya,3 Bedroom,,1783,3,1,115,ERROR
Super built-up  Area,Ready To Move,HSR Layout,3 BHK,NRosete,1400,3,2,56,560102
Super built-up  Area,Ready To Move,Nagasandra,2 BHK,,980,2,1,48,560073
Super built-up  Area,Ready To Move,EPIP Zone,2 BHK,,1285,2,2,82,560066
Super built-up  Area,Ready To Move,Langford Town,3 BHK,,912,2,1,70,560025
Built-up  Area,Ready To Move,Whitefield,2 BHK,Sancya ,1225,2,2,47.6,560066
Super built-up  Area,Ready To Move,Whitefield,2 BHK,,1075,2,1,53,560066
Built-up  Area,Ready To Move,Kadugodi,3 BHK,MSingco,1260,2,2,54,560067
Super built-up  Area,Ready To Move,Yelahanka,3 BHK,Pyikad ,1282,2,2,48.7,560064
Super built-up  Area,Ready To Move,Kogilu,3 BHK,CaIRSCr,1909,3,2,88,560064
Super built-up  Area,Ready To Move,Panathur,2 BHK,Prcesvy,1359,2,1,87,560087
Built-up  Area,Ready To Move,Nagondanahalli,2 BHK,,1207,2,2,43.5,560066
Plot  Area,Ready To Move,Padmanabhanagar,4 Bedroom,,1736,6,0,190,560070
Super built-up  Area,20-May,1st Block Jayanagar,4 BHK,,2850,4,1,428,560011
Super built-up  Area,Ready To Move,Kammasandra,3 BHK,Emstael,1595,3,2,65,560100
Built-up  Area,18-Jun,"Off Sarjapur Road, ",3 BHK,,1798,3,2,89,ERROR
Super built-up  Area,Ready To Move,Electronics City Phase 1,3 BHK,SNdri N,1475,3,2,78.29,560100
Super built-up  Area,Ready To Move,Tala Cauvery Layout,3 BHK,HodhiSa,1580,3,3,100,ERROR
Super built-up  Area,Ready To Move,Dasarahalli,2 BHK,Syonyph,1295,2,1,65,560057
Built-up  Area,Ready To Move,Magadi Road,6 Bedroom,,3600,6,0,141,560023
Super built-up  Area,Ready To Move,Electronic City,1 BHK,Itvir M,589,1,1,27,560100
Super built-up  Area,Ready To Move,Ngef Layout,3 BHK,,1415,3,3,78,560043
Super built-up  Area,18-Dec,Sarjapur  Road,3 BHK,Klark L,1787,3,2,98.29,562125
Super built-up  Area,Ready To Move,Sarjapur  Road,3 BHK,Klark L,1787,3,2,125,562125
Super built-up  Area,Ready To Move,Koramangala,3 BHK,Piityra,1475,2,3,90,560003
Built-up  Area,Ready To Move,"Lakshminarayanapura, Electronic City Phase 2",4 BHK,,2000,4,1,75.5,ERROR
Super built-up  Area,19-Mar,Sarjapur  Road,2 BHK,AsastDe,984,2,1,44.28,562125
Super built-up  Area,19-Dec,Devanahalli,3 BHK,Jurdsig,1520 - 1740,,,74.82,562110
Super built-up  Area,Ready To Move,Muthurayya Swamy Layout,3 BHK,MacleK ,2405,4,2,260,ERROR
Built-up  Area,Ready To Move,7th Phase JP Nagar,2 BHK,Brnia G,1080,2,2,72,560078
Plot  Area,Ready To Move,Shantiniketan Layout,2 Bedroom,,1500,2,1,115,560076
Super built-up  Area,Ready To Move,Hebbal,3 BHK,,1900,3,2,119,560024
Super built-up  Area,19-Aug,Dommasandra,2 BHK,,805,2,1,22.14,562125
Super built-up  Area,Ready To Move,Budigere,2 BHK,PrityTr,1153,2,2,56.4,560049
Super built-up  Area,Ready To Move,Dodda Nekkundi Extension,2 BHK,AlEcone,1148,2,2,60,ERROR
Super built-up  Area,Ready To Move,Mylasandra,2 BHK,Laowsba,1110,2,2,55,560059
Built-up  Area,Ready To Move,Electronic City,2 BHK,Saave R,1100,2,2,42,560100
Super built-up  Area,Ready To Move,Kalyan nagar,2 BHK,Anave S,1290,2,2,110,560043
Super built-up  Area,Ready To Move,Dr Shivarama Karantha Nagar,3 BHK,,1500,2,1,65,ERROR
Super built-up  Area,18-Apr,Bank Of Baroda Colony,2 BHK,,1080,2,2,39,ERROR
Super built-up  Area,21-Jun,Vijayanagar,3 BHK,Saityat,1933,3,1,129,560040
Built-up  Area,Ready To Move,Ramamurthy Nagar,5 Bedroom,,3500,5,2,150,560016
Built-up  Area,Ready To Move,Kullappa Colony,2 BHK,,1060,2,2,60,ERROR
Super built-up  Area,18-Aug,Chandapura,1 BHK,SunceEs,645,1,1,16.45,560081
Plot  Area,Ready To Move,Mukkutam Nagar,8 Bedroom,,2600,8,2,180,ERROR
Super built-up  Area,18-Sep,Chandapura,1 BHK,SunceEs,645,1,1,16.45,560081
Super built-up  Area,Ready To Move,Ashwath Nagar,3 BHK,SJcerpe,1644,3,3,84,560094
Super built-up  Area,Ready To Move,Ncpr Industrial Layout,2 BHK,Supams ,1285,2,3,72.5,ERROR
Plot  Area,Ready To Move,Electronic City,3 Bedroom,,1200,3,1,90,560100
Super built-up  Area,Ready To Move,Electronic City,2 BHK,CoapeSo,910,2,1,40,560100
Super built-up  Area,Ready To Move,Kothanur,3 BHK,Bisic C,1577,3,1,70,560077
Plot  Area,17-May,Meenakunte,3 Bedroom,Sreat R,4050,3,2,280,562157
Super built-up  Area,Ready To Move,OMBR Layout,3 BHK,Inntsa ,2420,3,2,185,560043
Super built-up  Area,Ready To Move,Chandapura,2 BHK,KHityry,800,1,1,20,560081
Built-up  Area,Ready To Move,Anand Nagar,2 BHK,,1060,2,2,55,626190
Super built-up  Area,Ready To Move,7th Phase JP Nagar,2 BHK,BriumMi,1270,2,2,93,560078
Super built-up  Area,18-Jun,Shree Ananth Nagar Layout,2 BHK,,900,2,2,22.5,ERROR
Built-up  Area,Ready To Move,Kundalahalli Colony,2 Bedroom,,1280,2,1,69,560037
Plot  Area,Ready To Move,Horamavu Agara,4 Bedroom,,1200,2,0,95,560043
Built-up  Area,Ready To Move,Sarjapur  Road,2 BHK,,1025,2,2,36,562125
Super built-up  Area,17-Jun,Electronic City,2 BHK,Prarkun,1108,2,1,63,560100
Plot  Area,Ready To Move,MCECHS  layout,5 Bedroom,,1200,5,,170,ERROR
Super built-up  Area,Ready To Move,Coffee Board Layout,3 BHK,Calyxy ,3045,3,2,170,560024
Plot  Area,Ready To Move,Ambedkar Nagar,4 Bedroom,Thessrm,2900,3,2,300,110062
Super built-up  Area,Ready To Move,Vijayanagar,3 BHK,JJortom,1500,3,2,75.5,560040
Super built-up  Area,Ready To Move,Raja Rajeshwari Nagar,2 BHK,GrrvaGr,1295,2,2,43.9,560098
Super built-up  Area,Ready To Move,Budigere,2 BHK,PrityTr,1162,2,1,59.9,560049
Super built-up  Area,Ready To Move,Sarjapur  Road,2 BHK,Usquaya,1035,2,2,49.2,562125
Built-up  Area,Ready To Move,Attibele,4 Bedroom,Natic T,1600,4,0,52.8,562107
Super built-up  Area,Ready To Move,KUDLU MAIN ROAD,3 BHK,,1464,3,2,46,ERROR
Super built-up  Area,18-Oct,Hennur Road,3 BHK,DSapeSk,1866,2,2,61.58,560077
Super built-up  Area,Ready To Move,Geleyara Balaga Layout,2 BHK,Jahtsa ,700,1,1,26,560086
Super built-up  Area,Ready To Move,Kalena Agrahara,3 BHK,Prillot,1804,3,2,120,560076
Super built-up  Area,Ready To Move,Sarjapur,2 BHK,,913,2,1,32,560037
Super built-up  Area,21-Dec,Talaghattapura,3 BHK,Sodgere,1868,3,2,131,560062
Built-up  Area,Ready To Move,Kengeri Satellite Town,2 BHK,,883,2,1,45,560068
Plot  Area,Ready To Move,Sundara Nagar,2 Bedroom,,900,2,1,110,ERROR
Super built-up  Area,Ready To Move,Kogilu,3 BHK,,1664,2,3,73.95,560064
Super built-up  Area,Ready To Move,Hegde Nagar,3 BHK,SoitaCa,2026,3,2,132,ERROR
Super built-up  Area,Ready To Move,Balagere,2 BHK,Soestin,1210,2,1,80.9,ERROR
Plot  Area,Ready To Move,Meenakunte,4 Bedroom,Sreat R,4111,4,2,250,562157
Super built-up  Area,Ready To Move,Kadugodi,3 BHK,Alestrb,1762,3,3,91.45,560067
Super built-up  Area,Ready To Move,Jigani,3 BHK,DLhtsen,1252,3,3,55,560085
Built-up  Area,Ready To Move,Gollarapalya Hosahalli,2 BHK,Mauner ,861,2,1,34.5,ERROR
Built-up  Area,Ready To Move,7th Phase JP Nagar,3 BHK,Brnia G,1420,2,1,100,560078
Plot  Area,Ready To Move,Srirampura,6 Bedroom,,1450,6,0,250,570023
Built-up  Area,Ready To Move,Electronics City Phase 1,3 BHK,GaicaVe,1490,3,1,78.8,560100
Super built-up  Area,Ready To Move,Bisuvanahalli,3 BHK,,1075,2,1,46,ERROR
Super built-up  Area,18-Aug,Old Madras Road,3 BHK,Saesttt,1425,2,2,94,560049
Built-up  Area,Ready To Move,Kalena Agrahara,2 BHK,Nae 2El,1200,2,1,40,560076
Super built-up  Area,Ready To Move,Kaggadasapura,3 BHK,,1280,2,2,56,560093
Super built-up  Area,Ready To Move,Silver Springs Layout,2 BHK,Bhinglv,1084,2,2,50,ERROR
Super built-up  Area,18-Jul,Chandapura,2 BHK,SunceEs,1015,2,2,25.88,560081
Super built-up  Area,21-May,Kanakpura Road,2 BHK,GolusLi,1017,2,1,51.25,560062
Super built-up  Area,Ready To Move,Haralur Road,2 BHK,,1027,2,2,44,ERROR
Super built-up  Area,Ready To Move,Electronic City Phase II,2 BHK,Coush W,1069,2,2,45,560100
Super built-up  Area,Ready To Move,Hebbal,2 BHK,Prersis,1349,2,1,98.2,560024
Super built-up  Area,Ready To Move,9th Phase JP Nagar,2 BHK,NaensGa,1005,2,1,50,560078
Super built-up  Area,Ready To Move,Jakkur,2 BHK,Arzzo P,1417,2,3,75,560064
Plot  Area,18-Jan,TC Palaya,3 Bedroom,,1475,3,1,98,560016
Carpet  Area,Ready To Move,Maruthi Sevanagar,2 BHK,SMikaay,950,2,2,47,ERROR
Super built-up  Area,Ready To Move,RMV 2nd Stage,4 BHK,Prave E,2000,4,0,120,560094
Plot  Area,Ready To Move,Giri Nagar,3 Bedroom,,880,3,1,140,560085
Super built-up  Area,Ready To Move,Sarjapur  Road,4 BHK,Ahriaup,1863,3,2,104,562125
Super built-up  Area,Ready To Move,Singasandra,2 BHK,Priewhi,1010,2,1,29.5,560068
Super built-up  Area,Ready To Move,Kalena Agrahara,3 BHK,Shodsth,1425,2,1,70,560076
Super built-up  Area,Ready To Move,Vijayanagar,3 BHK,Swadeh ,1450,3,0,100,560040
Super built-up  Area,Ready To Move,Kothanur,3 BHK,Somumys,1847,3,2,105,560077
Super built-up  Area,Ready To Move,AECS Layout,2 BHK,Soran U,1100,2,3,45,560037
Super built-up  Area,20-Dec,Kanakpura Road,1 BHK,PrarePa,525,1,1,26,560062
Super built-up  Area,Ready To Move,Mallasandra,3 BHK,Puestig,1665,3,2,95,560057
Super built-up  Area,Ready To Move,Begur,4 BHK,Prntsrt,1664,4,3,65,560068
Super built-up  Area,Ready To Move,JP Nagar,3 BHK,Maerar ,1850,3,3,150,560078
Super built-up  Area,Ready To Move,Panathur,2 BHK,Vaesh T,1438,2,3,100,560087
Super built-up  Area,Ready To Move,Sunder Ram Shetty Nagar,3 BHK,MaisePa,1560,3,3,115,574154
Super built-up  Area,18-Apr,Yelahanka,2 BHK,,1350,2,1,55.55,560064
Super built-up  Area,Ready To Move,Kanakpura Road,3 BHK,JRrnauv,1550,3,3,67,560062
Super built-up  Area,18-Apr,Malleshpalya,2 BHK,,1140,2,2,46.5,560075
Plot  Area,Ready To Move,Srirampura,5 Bedroom,,1200,5,2,180,570023
Super built-up  Area,18-Dec,Kodathi,2 BHK,,850,2,2,27,560035
Super built-up  Area,Ready To Move,Whitefield,2 BHK,Gotis A,1280,2,2,75,560066
Built-up  Area,Ready To Move,Munnekollal,2 BHK,,1170,2,2,52,560037
Super built-up  Area,Ready To Move,Motappa Layout,2 BHK,Puodse ,1113,2,1,51,ERROR
Super built-up  Area,Ready To Move,Hennur Road,2 BHK,Mileeou,1385,2,1,83.09,560077
Super built-up  Area,18-Apr,Electronic City,2 BHK,Prarkun,1128,2,1,65,560100
Plot  Area,Ready To Move,Marathahalli,2 Bedroom,,1200,2,2,128,560037
Plot  Area,Ready To Move,Akshaya Vana,4 Bedroom,,1200,4,3,165,ERROR
Super built-up  Area,Ready To Move,Rajaji Nagar,3 BHK,PhestOn,2390,3,2,415,560010
Plot  Area,Ready To Move,Giri Nagar,4 Bedroom,,2400,4,1,400,560085
Super built-up  Area,Ready To Move,Haralur Road,3 BHK,NRowse ,1464,3,2,56,ERROR
Super built-up  Area,Ready To Move,Manayata Tech Park,2 BHK,,1200,2,2,55,ERROR
Super built-up  Area,Ready To Move,Kaval Byrasandra,2 BHK,Abncy R,1200,2,2,52,560032
Super built-up  Area,Ready To Move,Kaggalipura,3 BHK,Baowsig,1150,2,1,55,560062
Built-up  Area,Ready To Move,Basavanna Nagar,3 BHK,Itala A,1645,3,2,95,586101
Super built-up  Area,20-Mar,Sarjapur  Road,2 BHK,,1000,2,1,67,562125
Plot  Area,Ready To Move,Haralur Road,4 Bedroom,,2650,4,2,198,ERROR
Super built-up  Area,Ready To Move,6th Phase JP Nagar,2 BHK,HMinebo,1192,2,2,74,560078
Super built-up  Area,Ready To Move,Ulsoor,3 BHK,K borja,2135,3,2,215,560008
Super built-up  Area,19-Dec,Whitefield,2 BHK,Oreldhi,1173,2,1,58,560066
Built-up  Area,Ready To Move,Uttarahalli,2 BHK,Sungspr,1020,2,2,45,560061
Super built-up  Area,Ready To Move,Thigalarapalya,4 BHK,Prtanha,3122,6,2,230,560058
Super built-up  Area,Ready To Move,Somasundara Palya,3 BHK,,1600,3,3,64,560102
Plot  Area,18-Mar,T.C PALYA,2 Bedroom,,1200,2,0,79,ERROR
Carpet  Area,Ready To Move,Muneshwara Nagar,2 BHK,,1230,2,3,48,560001
Super built-up  Area,Ready To Move, Devarachikkanahalli,2 BHK,Clntsrt,1250,2,2,40,560076
Super built-up  Area,Ready To Move,Kalena Agrahara,2 BHK,PuamaPa,1325,2,2,76,560076
Built-up  Area,Ready To Move,7th Phase JP Nagar,3 BHK,Brngsal,1850,3,1,150,560078
Super built-up  Area,21-Dec,Kanakpura Road,1 BHK,PrarePa,525,,,21.53,560062
Super built-up  Area,Ready To Move,Basaveshwara Nagar,2 BHK,,1200,2,2,65,560079
Plot  Area,Ready To Move,Bull Temple Road,3 Bedroom,,1350,2,0,140,560004
Super built-up  Area,18-Jun,Bommasandra,3 BHK,SSestth,1260,3,1,49.36,562106
Super built-up  Area,Ready To Move,Prashanth Nagar,3 BHK,Vancy R,1800,3,0,150,ERROR
Plot  Area,18-Dec,Suragajakkanahalli,3 Bedroom,PrhyaK ,11,3,2,74,ERROR
Built-up  Area,Ready To Move,Ardendale,2 BHK,Miwel M,1100,2,1,43.25,ERROR
Super built-up  Area,Ready To Move,Harlur,2 BHK,SrEndPo,1508,2,1,77,ERROR
Carpet  Area,Ready To Move,Sampigehalli,3 BHK,Puens G,1592,3,2,75,ERROR
Super built-up  Area,Ready To Move,Akshaya Nagar,2 BHK,SagasSa,1388,2,3,57,560016
Super built-up  Area,18-May,Electronic City Phase II,1 BHK,SNbay G,630,1,1,28.35,560100
Plot  Area,Ready To Move,RMV,3 Bedroom,,2000,3,2,365,560094
Super built-up  Area,Ready To Move,Banashankari3rd stage bigbazar,3 BHK,,1762,3,1,125,ERROR
Super built-up  Area,21-Dec,Bagalur Main Road,2 BHK,,950,2,2,50,562149
Super built-up  Area,Ready To Move,Kodihalli,4 BHK,Soianal,3252,5,3,335,560008
Super built-up  Area,18-Aug,Magadi Road,2 BHK,Vrenty ,1116,2,1,50,560023
Super built-up  Area,Ready To Move,Narayanapura,2 BHK,AriosHe,1308,2,2,89.04,560077
Super built-up  Area,Ready To Move,MS Pallya,3 BHK,,1200,3,0,90,ERROR
Plot  Area,Ready To Move,Binny Mills Employees Colony,4 Bedroom,,1500,4,2,230,600012
Built-up  Area,Ready To Move,Bannerghatta Road,1 BHK,,500,1,1,18.5,560076
Super built-up  Area,Ready To Move,Hennur,2 BHK,SLureSi,1075,2,1,52,560043
Super built-up  Area,18-Mar,Chandapura,1 BHK,Siissi ,530,1,0,11.66,560081
Built-up  Area,Ready To Move,Bellandur,2 BHK,,1205,2,3,66,560037
Super built-up  Area,Ready To Move,5th Phase JP Nagar,2 BHK,Mangsr ,1075,2,2,60,ERROR
Built-up  Area,Ready To Move,KR Puram,2 BHK,HovasTe,930,2,2,39,573201
Super built-up  Area,Ready To Move,Balagere,2 BHK,Exncene,1380,2,1,60,ERROR
Super built-up  Area,Ready To Move,Hebbal,4 BHK,Prersis,2483,5,2,212,560024
Built-up  Area,Ready To Move,Kodigehaali,2 BHK,Shyas S,1166,2,2,55,ERROR
Super built-up  Area,Ready To Move,Bannerghatta Road,2 BHK,NadelCi,1050,2,1,65,560076
Super built-up  Area,19-Mar,Gopalapura,3 BHK,Sothadr,2023.71,3,2,275,571235
Super built-up  Area,Ready To Move,Begur Road,2 BHK,Dhalsh ,1200,2,2,46.8,560068
Super built-up  Area,Ready To Move,Lakshminarayana Pura,3 BHK,Puarent,1600,2,1,108,ERROR
Super built-up  Area,Ready To Move,Billekahalli,3 BHK,MaionPa,1935,3,2,110,560076
Super built-up  Area,18-May,8th Phase JP Nagar,1 BHK,Maian M,451,1,0,29.9,ERROR
Super built-up  Area,Ready To Move,Electronic City,3 BHK,ShstaAl,1800,3,2,95,560100
Super built-up  Area,18-May,Jalahalli,3 BHK,Shard T,1400,3,0,77,560013
Super built-up  Area,Ready To Move,Hegde Nagar,3 BHK,SoitaCa,1801,3,2,115,ERROR
Built-up  Area,Ready To Move,Mahadevpura,2 BHK,Neagar ,1451,2,,90,560048
Plot  Area,19-Jan,Anekal,2 Bedroom,,1200,1,1,36,562106
Super built-up  Area,Ready To Move,Begur Road,2 BHK,Dhalsh ,1160,2,2,44,560068
Built-up  Area,Ready To Move,Kengeri,2 BHK,,1000,2,1,25,560060
Super built-up  Area,Ready To Move,Kanakpura Road,2 BHK,Wiowsri,950,2,1,40,560062
Built-up  Area,20-Dec,"Hoodi Circle, ",3 BHK,,1629,3,2,79,ERROR
Built-up  Area,Ready To Move,Vijayanagar,3 BHK,,1580,2,0,134,560040
Super built-up  Area,21-Jun,Vijayanagar,3 BHK,Saityat,1826,3,2,121,560040
Built-up  Area,Ready To Move,7th Phase JP Nagar,2 BHK,Eladero,1245,2,1,94,560078
Super built-up  Area,Ready To Move,Raja Rajeshwari Nagar,2 BHK,Lancyey,1145,2,2,45.79,560098
Super built-up  Area,Ready To Move,Sompura,2 BHK,Suiseit,825,2,1,33,ERROR
Super built-up  Area,18-Aug,Yeshwanthpur,3 BHK,Aroomba,1693,3,3,108,560022
Super built-up  Area,Ready To Move,Electronics City Phase 1,2 BHK,Courf T,1113.27,2,2,53,560100
Built-up  Area,Ready To Move,Ashirvad Colony,2 BHK,VMowsea,1460,2,1,58,ERROR
Built-up  Area,Ready To Move,Doddathoguru,2 BHK,S onsMa,1050,2,1,32,560100
Built-up  Area,Ready To Move,Dodda Nekkundi,2 BHK,Tuentpa,1260,2,2,55,560037
Super built-up  Area,Ready To Move,K N Extension,6 BHK,,700,3,,120,ERROR
Built-up  Area,Ready To Move,Hosur Road,2 BHK,Tovesee,1656,2,1,120,560029
Super built-up  Area,Ready To Move,Chandapura,3 BHK,Vailsaf,1208,3,1,45,560081
Super built-up  Area,Ready To Move,Whitefield,3 BHK,BrlisCo,1910,3,2,161,560066
Super built-up  Area,Ready To Move,Whitefield,4 BHK,Haestt ,3252,4,1,230,560066
Plot  Area,Ready To Move,Battarahalli,2 Bedroom,,1200,2,1,65,ERROR
Super built-up  Area,Ready To Move,Gokula Extension,4 BHK,,1200,4,1,175,560054
Super built-up  Area,Ready To Move,7th Phase JP Nagar,2 BHK,BriumMi,1175,2,1,82,560078
Plot  Area,Ready To Move,Kamakshipalya,2 Bedroom,,1000,2,0,165,560040
Plot  Area,Ready To Move,Bannerghatta Road,4 Bedroom,,1200,2,0,125,560076
Super built-up  Area,Ready To Move,Rajaji Nagar,3 BHK,PhestOn,2390,3,2,410,560010
Super built-up  Area,19-Jan,Rajaji Nagar,7 BHK,,12000,6,3,2200,560010
Plot  Area,Ready To Move,Sultan Palaya,2 Bedroom,,550,1,1,62,560032
Super built-up  Area,Ready To Move,Kengeri,1 BHK,,34.46Sq. Meter,1,0,18.5,560060
Super built-up  Area,Ready To Move,Sanne Amanikere,2 BHK,Hoxiaa ,1185,2,,38,ERROR
Super built-up  Area,Ready To Move,Kengeri,2 BHK,VBvenal,750,2,1,38,560060
Plot  Area,Ready To Move,Mahalakshmi Layout,6 Bedroom,,1200,7,3,250,560086
Super built-up  Area,Ready To Move,Kanakpura Road,3 BHK,JRrnauv,1550,3,3,64.5,560062
Built-up  Area,Ready To Move,Amco Colony,3 BHK,Hoeatan,1760,3,2,88,ERROR
Super built-up  Area,Ready To Move,Billekahalli,2 BHK,Asity S,1125,2,2,62,560076
Plot  Area,Ready To Move,Nagarbhavi,3 Bedroom,,1350,3,2,150,560072
Plot  Area,17-Dec,Anandapura,2 Bedroom,,1000,2,1,55,560016
Built-up  Area,18-Aug,Bommasandra Industrial Area,2 BHK,,1090,2,2,31.48,560001
Plot  Area,Ready To Move,TC Palaya,2 Bedroom,,1200,2,0,60,560016
Super built-up  Area,Ready To Move,Budigere,3 BHK,PrityTr,1991,4,2,103,560049
Super built-up  Area,18-Oct,Bommasandra,2 BHK,DSoodil,1060,2,1,26.5,562106
Super built-up  Area,Ready To Move,Ambalipura,2 BHK,SJarkte,1105,2,1,75,560102
Built-up  Area,Ready To Move,Hoodi,2 BHK,Dhgraas,985,2,2,67,560048
Plot  Area,Ready To Move,Chandapura,6 Bedroom,,1533,5,3,85,560081
Super built-up  Area,17-Jul,Balagere,3 BHK,HiqueMa,1590,3,2,79,ERROR
Super built-up  Area,Ready To Move,CV Raman Nagar,2 BHK,Srshq T,1120,2,2,55,123123
Super built-up  Area,Ready To Move,Samethanahalli,2 BHK,SPontna,1069,2,1,55,ERROR
Super built-up  Area,Ready To Move,Marathahalli,3 BHK,Prionad,1933,3,2,140,560037
Built-up  Area,16-Mar,Hosur Road,2 BHK,PuendWe,1194,2,0,69,560029
Super built-up  Area,Ready To Move,Brookefield,2 BHK,Danna S,1150,2,3,69,ERROR
Super built-up  Area,Ready To Move,Yelenahalli,2 BHK,,1240,2,2,47.12,560076
Super built-up  Area,Ready To Move,Raja Rajeshwari Nagar,2 BHK,GrrvaGr,1419,2,2,48.1,560098
Plot  Area,Ready To Move,7th Phase JP Nagar,8 Bedroom,,1200,8,,250,560078
Super built-up  Area,Ready To Move,Richmond Town,3 BHK,Bltonin,2150,4,,240,560025
Super built-up  Area,Ready To Move,Suddaguntepalya,3 BHK,MSanaer,1450,3,2,55,ERROR
Super built-up  Area,18-Jul,Udayapur Village,3 BHK,Plowsri,1630,3,2,68.29,ERROR
Super built-up  Area,Ready To Move,Dasanapura,2 BHK,Tavenew,708,1,1,40,562123
Plot  Area,Ready To Move,Kasavanhalli,3 Bedroom,,1000,4,3,110,560035
Plot  Area,Ready To Move,Whitefield,4 Bedroom,,11890,4,3,700,560066
Super built-up  Area,Ready To Move,Bellandur,2 BHK,Ocavees,1250,2,1,76,560037
Super built-up  Area,Ready To Move,7th Phase JP Nagar,3 BHK,Brnia G,1400,2,1,95,560078
Super built-up  Area,Ready To Move,Sarjapur  Road,3 BHK,,1670,2,3,57,562125
Super built-up  Area,Ready To Move,Ardendale,3 BHK,SoystAm,1750,3,2,100,ERROR
Super built-up  Area,Ready To Move,Vittasandra,2 BHK,Prlla C,1404,2,1,71,ERROR
Super built-up  Area,Ready To Move,Hoodi,3 BHK,SMaxyay,1715,2,2,95,560048
Built-up  Area,18-Apr,Electronic City,1 BHK,Prarkun,630,1,1,34.65,560100
Super built-up  Area,Ready To Move,Harlur,3 BHK,SosicCl,1752.12,3,2,135,ERROR
Super built-up  Area,Ready To Move,Hulimavu,3 BHK,,1650,3,2,78,560076
Super built-up  Area,Ready To Move,Raja Rajeshwari Nagar,2 BHK,GrrvaGr,1295,2,1,55.47,560098
Plot  Area,Ready To Move,Giri Nagar,3 Bedroom,Bancyri,1800,3,2,252,560085
Super built-up  Area,18-Sep,Sarjapur  Road,2 BHK,PualeSk,1346,2,1,74.03,562125
Plot  Area,Ready To Move,Thippasandra,4 Bedroom,,1200,4,2,200,560075
Super built-up  Area,Ready To Move,Hormavu,2 BHK,ElavuHo,1150,2,2,55,560043
Built-up  Area,Ready To Move,Chikkabidarakallu,4 Bedroom,Gontyol,3309,4,3,325,560073
Super built-up  Area,18-May,Chandapura,3 BHK,SunceEs,1190,2,2,30.35,560081
Super built-up  Area,Ready To Move,AECS Layout,3 BHK,DSutyng,1620,3,2,98,560037
Super built-up  Area,18-Apr,Marathahalli,2 BHK,,950,2,1,46.96,560037
Super built-up  Area,Ready To Move,1 Giri Nagar,11 BHK,Bancyri,5000,9,3,360,ERROR
Super built-up  Area,Ready To Move,Harlur,3 BHK,SrEndPo,2450,3,0,120,ERROR
Super built-up  Area,18-May,Electronic City Phase II,3 BHK,Sryalan,1220,2,1,35.23,560100
Super built-up  Area,Ready To Move,Hoysalanagar,2 BHK,RKntsrt,850,2,1,30,ERROR
Built-up  Area,Ready To Move,Padmanabhanagar,2 BHK,,1020,2,2,63,560070
Built-up  Area,Ready To Move,Chikkalasandra,2 BHK,,1100,2,2,50,560061
Super built-up  Area,Ready To Move,Defence Colony,2 BHK,Vantspa,1150,2,2,126,110024
Super built-up  Area,18-Dec,Hebbal,3 BHK,Mahosya,1760,2,2,130,560024
Super built-up  Area,Ready To Move,Ambalipura,3 BHK,,1800,3,3,110,560102
Super built-up  Area,Ready To Move,Akshaya Nagar,2 BHK,,1070,2,1,54,560016
Plot  Area,Ready To Move,2nd Stage Nagarbhavi,4 Bedroom,,1500,4,2,220,560072
Plot  Area,Ready To Move,Vidyaranyapura,2 Bedroom,,1440,2,0,95,560097
Super built-up  Area,Ready To Move,Amruthahalli,2 BHK,Prowsi ,900,2,1,40,560092
Built-up  Area,Ready To Move,ITI Employees Layout,4 BHK,,1200,4,1,230,560076
Super built-up  Area,18-May,Whitefield,2 BHK,SMuilan,1130,2,1,42.16,560066
Super built-up  Area,Ready To Move,Koramangala,2 BHK,Proodt ,1320,2,1,165,560003
Super built-up  Area,19-Jun,Kodigehalli,2 BHK,,1270,2,1,98,560092
Built-up  Area,Ready To Move,Patelappa Layout,2 BHK,Sryamar,1200,2,1,62,ERROR
Super built-up  Area,Ready To Move,Ring Road Nagarbhavi,4 BHK,,4800,4,,235,ERROR
Super built-up  Area,Ready To Move,NS Palya,2 BHK,,1200,2,1,74,560076
Super built-up  Area,Ready To Move,Subramanyapura,2 BHK,Prldsri,929,2,0,50.17,560061
Built-up  Area,Ready To Move,RMV 2nd Stage,4 BHK,LiaveEn,1150,4,2,260,560094
Plot  Area,Ready To Move,Basavangudi,4 Bedroom,,1125,4,3,180,560004
Plot  Area,Ready To Move,Kenchenahalli,5 Bedroom,,500,3,2,65,560098
Plot  Area,Ready To Move,3rd Block Hrbr Layout,5 Bedroom,Bemesrm,1200,5,2,190,560043
Super built-up  Area,Ready To Move,KUDLU MAIN ROAD,3 BHK,,1464,3,2,56,ERROR
Super built-up  Area,Ready To Move,7th Phase JP Nagar,4 BHK,,3600,4,3,400,560078
Plot  Area,Ready To Move,Bank Avenue,4 Bedroom,,2000,4,2,99,ERROR
Super built-up  Area,Ready To Move,Chikkalasandra,2 BHK,,1208,2,1,49,560061
Super built-up  Area,Ready To Move,Hebbal Kempapura,2 BHK,Vrensn ,1130,2,2,60,560024
Super built-up  Area,Ready To Move,Surabhi Layout,3 BHK,VDdonel,1753,3,2,120,560064
Super built-up  Area,Ready To Move,Old Madras Road,5 BHK,Brica E,4500,7,3,337,560049
Plot  Area,Ready To Move,Banjara Layout,3 Bedroom,,600,3,2,58,ERROR
Super built-up  Area,22-Jun,Hoodi,2 BHK,GoAirej,1196,2,2,94.42,560048
Built-up  Area,Ready To Move,5th Phase JP Nagar,2 BHK,Prenty ,1150,3,3,52.5,ERROR
Super built-up  Area,18-Apr,Electronic City,2 BHK,Prarkun,1128,2,1,63,560100
Super built-up  Area,Ready To Move,Omkar Nagar,2 BHK,Shinei ,1000,2,1,53,560076
Super built-up  Area,Ready To Move,Yelahanka,2 BHK,Apows M,1035,2,1,45,560064
Built-up  Area,Ready To Move,Kereguddadahalli,2 BHK,,950,2,1,32,ERROR
Super built-up  Area,Ready To Move,Bisuvanahalli,3 BHK,Prityel,1075,2,1,36,ERROR
Super built-up  Area,Ready To Move,Whitefield,2 BHK,SVineun,1040,2,1,48.5,560066
Plot  Area,17-Oct,Maragondanahalli,2 Bedroom,,720,2,1,45,ERROR
Super built-up  Area,Ready To Move,Lingadheeranahalli,3 BHK,Soiewre,1511,3,1,95,560091
Built-up  Area,Ready To Move,Silk Board,3 BHK,,1300,3,1,58,ERROR
Super built-up  Area,19-Dec,Hoodi,3 BHK,Caycend,1545,3,1,68.75,560048
Built-up  Area,Ready To Move,Shampura,1 BHK,,375,2,0,26,560045
Super built-up  Area,Ready To Move,Vidyaranyapura,2 BHK,,1062,2,3,38,560097
Super built-up  Area,Ready To Move,Kada Agrahara,2 BHK,,1115,2,1,40,560077
Super built-up  Area,Ready To Move,JP Nagar,2 BHK,DSvvyx ,1000,2,1,35,560078
Super built-up  Area,17-May,Kambipura,2 BHK,Prrtht ,883,2,1,45,560074
Super built-up  Area,19-Apr,Sarjapur  Road,2 BHK,Brareio,1195,2,1,70,562125
Plot  Area,Ready To Move,BHEL Layout,4 Bedroom,,1200,3,1,165,560098
Built-up  Area,Ready To Move,Medahalli,1 Bedroom,,700,1,0,41,560049
Super built-up  Area,Ready To Move,Vittasandra,2 BHK,Prlla C,1246,2,1,67,ERROR
Plot  Area,Ready To Move,8th Phase JP Nagar,4 Bedroom,,660,4,2,90,ERROR
Plot  Area,Ready To Move,Banashankari Stage III,4 Bedroom,,8500,4,2,145,560085
Super built-up  Area,Ready To Move,Kashi Nagar,4 BHK,,1600,4,1,80,401105
Super built-up  Area,18-Dec,Haralur Road,4 BHK,SNnia E,2805,5,3,154,ERROR
Super built-up  Area,Ready To Move,Begur Road,3 BHK,,1584,3,,65,560068
Plot  Area,Ready To Move,Sector 7 HSR Layout,4 Bedroom,,3000,5,1,275,560102
Built-up  Area,Ready To Move,Hosur Road,3 BHK,,1175,2,2,48,560029
Built-up  Area,19-Jul,"Yemlur, Old Airport Road, ",3 BHK,,1595,3,2,115,ERROR
Super built-up  Area,Ready To Move,VHBCS Layout,2 BHK,OlarkLa,1353,2,2,110,560086
Super built-up  Area,18-Apr,Electronic City,3 BHK,Prarkun,1599,3,2,125,560100
Super built-up  Area,Ready To Move,Whitefield,2 BHK,SuMTBPr,1150,2,1,70,560066
Super built-up  Area,17-Dec,Jakkur,4 BHK,Lecco C,5230,6,1,465,560064
Super built-up  Area,Ready To Move,KR Puram,2 BHK,Jahidva,1155,2,2,42.74,573201
Built-up  Area,Ready To Move,Ittamadu,1 BHK,,1200,2,0,85,560070
Super built-up  Area,18-Jul,Electronic City Phase II,2 BHK,,1000,2,1,25,560100
Super built-up  Area,Ready To Move,Thanisandra,4 BHK,,3000,4,,120,560077
Built-up  Area,Ready To Move,Rajiv Nagar,3 BHK,PuoodSk,1867,3,1,160,122001
Super built-up  Area,18-Jun,Ramagondanahalli,2 BHK,ViistLa,1251,2,1,47,560066
Super built-up  Area,18-Apr,Gattahalli,2 BHK,Arano M,1028,2,1,45.5,ERROR
Super built-up  Area,Ready To Move,Arekere,2 BHK,Amngsag,1222,2,2,45,560076
Super built-up  Area,Ready To Move,Bannerghatta Road,3 BHK,SNity S,1170,2,1,66,560076
Super built-up  Area,Ready To Move,Hebbal,3 BHK,Kacesh ,2400,4,1,245,560024
Super built-up  Area,Ready To Move,Ramanjaneyanagar,3 BHK,,1385,2,2,48.48,ERROR
Super built-up  Area,Ready To Move,HSR Layout,2 BHK,SrisePo,1372,2,1,68,560102
Super built-up  Area,Ready To Move,Magadi Road,3 BHK,Bilya A,1282,2,2,49,560023
Super built-up  Area,Ready To Move,Mico Layout,9 BHK,Amsomun,5000,9,3,210,560076
Built-up  Area,Ready To Move,7th Block Jayanagar,5 Bedroom,,3000,3,1,528,560082
Super built-up  Area,Ready To Move,Kanakpura Road,2 BHK,Shdhia ,1135,2,1,39.73,560062
Built-up  Area,20-Dec,Whitefield,3 BHK,,1768,3,2,101,560066
Built-up  Area,Ready To Move,Byatarayanapura,3 BHK,Foconna,1325,2,1,90,742149
Super built-up  Area,18-Apr,Electronic City,3 BHK,Prarkun,1599,3,2,99,560100
Plot  Area,18-Mar,Whitefield,3 Bedroom,,1500,3,1,61.95,560066
Plot  Area,Ready To Move,2nd Phase JP Nagar,3 Bedroom,,2610,3,0,499,560078
Super built-up  Area,Ready To Move,Uttarahalli,2 BHK,,1286,2,2,63,560061
Built-up  Area,Ready To Move,Kammanahalli,5 BHK,,2845,5,1,140,560043
Super built-up  Area,Ready To Move,K G Colony,3 BHK,Aincy R,1600,2,,50,560075
Super built-up  Area,18-Sep,Hennur Road,2 BHK,Shxorm ,1195 - 1440,2,0,63.77,560077
Super built-up  Area,Ready To Move,Hebbal,3 BHK,Brium C,3450,5,2,260,560024
Super built-up  Area,18-Apr,Munnekollal,2 BHK,Sadhii ,1102,2,2,53.67,560037
Super built-up  Area,Ready To Move,Yelahanka,2 BHK,Sahanra,1350,2,2,54,560064
Super built-up  Area,Ready To Move,Banashankari,3 BHK,,1200,2,2,42,560070
Plot  Area,Ready To Move,Hosa Road,6 Bedroom,,1300,6,0,145,560100
Plot  Area,Ready To Move,Herohalli,2 Bedroom,,1800,1,1,80,560091
Built-up  Area,Ready To Move,Chikkabanavar,2 BHK,,950,2,1,40,ERROR
Super built-up  Area,21-Dec,Kanakpura Road,1 BHK,PrarePa,525,1,1,27.25,560062
Built-up  Area,Ready To Move,Attibele,2 BHK,Jae 2hu,656,2,1,25,562107
Plot  Area,Ready To Move,Marathahalli,4 Bedroom,,1780,4,3,175,560037
Super built-up  Area,Ready To Move,3rd Block Hrbr Layout,2 BHK,Icncy R,1056,2,1,80,560043
Super built-up  Area,21-Feb,Bannerghatta Road,1 BHK,Hiatei ,595,1,1,33.32,560076
Built-up  Area,Ready To Move,Ittamadu,2 BHK,,1080,2,2,50,560070
Super built-up  Area,19-Dec,7th Phase JP Nagar,3 BHK,Puarero,2225,3,1,160,560078
Super built-up  Area,18-Aug,Bommasandra,2 BHK,DSoodil,1126,2,1,28.15,562106
Super built-up  Area,Ready To Move,Electronics City Phase 1,3 BHK,GaicaVe,1490,3,1,84,560100
Plot  Area,Ready To Move,HRBR Layout,4 Bedroom,,2000,4,1,300,560043
Super built-up  Area,Ready To Move,Sarjapur  Road,3 BHK,PuineSu,1550,3,3,100,562125
Super built-up  Area,Ready To Move,,3 BHK,Grare S,1600,3,2,86,ERROR
Built-up  Area,Ready To Move,Ashwini layout,2 BHK,,1160,2,1,55,560047
Built-up  Area,Ready To Move,Whitefield,4 Bedroom,PrOakSi,4144,4,3,315,560066
Super built-up  Area,Ready To Move,Sarjapur  Road,3 BHK,Supleon,2100,3,2,125,562125
Super built-up  Area,Ready To Move,Vittasandra,2 BHK,Prlla C,1404,2,1,69.3,ERROR
Plot  Area,Ready To Move,Sarjapur  Road,4 Bedroom,LGestbo,2230,4,3,225,562125
Super built-up  Area,Ready To Move,Marathalli bridge,3 BHK,,1544,3,,120,560037
Super built-up  Area,18-May,Banashankari Stage III,3 BHK,Pridsi ,1305,2,1,58.7,560085
Super built-up  Area,Ready To Move,Marathahalli,2 BHK,Aahts H,1230,2,2,80,560037
Plot  Area,Ready To Move,T.C PALYA,2 Bedroom,,1200,2,0,65,ERROR
Super built-up  Area,Ready To Move,Harlur,3 BHK,,1460,3,1,73,ERROR
Plot  Area,Immediate Possession,Sarjapur  Road,,Asiss B,1200 - 2400,,,34.185,562125
Built-up  Area,Ready To Move,Gottigere,2 BHK,,967,2,3,45,560083
Built-up  Area,Ready To Move,Byatarayanapura,1 Bedroom,,540,1,1,36,742149
Super built-up  Area,19-Dec,Hormavu,1 BHK,Kolisl ,715,1,2,46,560043
Super built-up  Area,Ready To Move,Whitefield,3 BHK,Toindls,2500,3,2,313,560066
Super built-up  Area,Ready To Move,Dooravani Nagar,3 BHK,Puceswn,1578,3,1,180,560016
Super built-up  Area,Ready To Move,Mysore Road,2 BHK,,1020,2,1,48.95,560076
Super built-up  Area,Ready To Move,Jigani,2 BHK,i1odsne,1020,2,1,40,560085
Super built-up  Area,Ready To Move,Koramangala,2 BHK,Ansna K,1253,2,1,102,560003
Super built-up  Area,Ready To Move,JCR Layout,2 BHK,ARnamru,1180,2,2,42,ERROR
Super built-up  Area,Ready To Move,Nehru Nagar,2 BHK,Veyalin,961,2,2,38,344001
Built-up  Area,Ready To Move,Kanakapura,3 BHK,,1419,3,3,75,562117
Super built-up  Area,Ready To Move,Harlur,3 BHK,SomonCi,1709,3,2,150,ERROR
Plot  Area,Ready To Move,Papareddipalya,2 Bedroom,,1600,2,0,115,ERROR
Super built-up  Area,18-Jul,Venkatapura,1 BHK,,416,1,1,18.5,560034
Carpet  Area,Ready To Move,Sanjay nagar,2 BHK,,1100,2,2,98,201002
Super built-up  Area,Ready To Move,HSR Layout,3 BHK,,1430,2,1,65,560102
Super built-up  Area,Ready To Move,Sneha Colony,2 BHK,Daill S,1260,2,2,45,ERROR
Built-up  Area,Ready To Move,RMV Extension,3 BHK,DSureSi,1630,3,2,85,560094
Super built-up  Area,19-May,Sarjapur  Road,3 BHK,Soini T,1249,3,2,44.71,562125
Super built-up  Area,Ready To Move,Kalena Agrahara,3 BHK,MancyRe,1450,2,3,85,560076
Super built-up  Area,17-Nov,Konanakunte,3 BHK,Prasa W,2791,3,1,223,560062
Super built-up  Area,Ready To Move,Hosapalya,1 BHK,,600,1,0,90,ERROR
Built-up  Area,Ready To Move,Ashwini layout,1 BHK,Kaantth,834,1,1,60,560047
Plot  Area,Ready To Move,Doddagubbi,3 Bedroom,,1125,4,1,70,562149
Super built-up  Area,Ready To Move,Arekere,3 BHK,,2060,3,2,140,560076
Super built-up  Area,19-Jan,Malleshwaram,7 BHK,,12000,7,3,2200,560003
Built-up  Area,Ready To Move,Gottigere,2 BHK,Drente ,891,2,1,25,560083
Super built-up  Area,Ready To Move,Raja Rajeshwari Nagar,2 BHK,GrrvaGr,1133,2,1,49.07,560098
Built-up  Area,Ready To Move,Bisuvanahalli,3 BHK,Prityel,1075,2,1,37,ERROR
Super built-up  Area,18-May,Sector 6 HSR Layout,4 BHK,,3000,5,2,260,560102
Plot  Area,Ready To Move,Brookefield,4 Bedroom,,2440,5,2,425,ERROR
Built-up  Area,Ready To Move,Vidyaranyapura,2 BHK,,1200,2,2,55,560097
Super built-up  Area,Ready To Move,Thanisandra,2 BHK,,1075,2,2,45.8,560077
Super built-up  Area,Ready To Move,Kaggadasapura,2 BHK,,1140,2,2,40,560093
Plot  Area,Ready To Move,Margondanahalli,5 Bedroom,,940,4,2,150,ERROR
Plot  Area,Ready To Move,ITI Layout,6 Bedroom,,2160,5,1,250,560016
Super built-up  Area,Ready To Move,Raja Rajeshwari Nagar,2 BHK,SGandea,1090,2,1,42,560098
Built-up  Area,Ready To Move,R.T. Nagar,4 Bedroom,,1500,4,1,70,ERROR
Super built-up  Area,Ready To Move,Whitefield,4 BHK,,4104,4,2,360,560066
Super built-up  Area,Ready To Move,Whitefield,3 BHK,,1790,3,,100,560066
Super built-up  Area,18-Dec,Hebbal,3 BHK,Mahosya,1920,3,2,134,560024
Built-up  Area,Ready To Move,HRBR Layout,2 BHK,Eline P,1374,2,2,95,560043
Carpet  Area,Ready To Move,Bannerghatta Road,3 BHK,,1445,3,2,95,560076
Super built-up  Area,19-Dec,Kanakapura,1 BHK,GoityEt,711,1,1,36,562117
Super built-up  Area,Ready To Move,Tumkur Road,3 BHK,SosonGa,1500,3,3,95,572106
Super built-up  Area,Ready To Move,Whitefield,3 BHK,Gotis A,1720,3,3,100,560066
Super built-up  Area,Ready To Move,Vasanthapura,3 BHK,,1400,3,2,60,560062
Built-up  Area,Ready To Move,Kundalahalli,2 BHK,,1030,2,2,49,560037
Super built-up  Area,Ready To Move,Mysore Road,2 BHK,PrntaEn,1200,2,1,85,560076
Carpet  Area,18-Jul,Hosahalli,3 BHK,NSezeBr,1375,3,2,70,583234
Plot  Area,Ready To Move,Hegde Nagar,2 Bedroom,,1050,1,,56,ERROR
Super built-up  Area,Ready To Move,Jalahalli,3 BHK,Tahtsla,2250,3,2,160,560013
Super built-up  Area,Ready To Move,Bellandur,2 BHK,Sronda ,1000,2,2,50,560037
Super built-up  Area,Ready To Move,Jalahalli West,1 BHK,Prntsax,469,1,0,25,560015
Super built-up  Area,Ready To Move,Marathahalli,4 BHK,PueraRi,3800,4,3,250,560037
Super built-up  Area,Ready To Move,Kambipura,2 BHK,Prrtht ,883,2,1,29,560074
Super built-up  Area,Ready To Move,GM Palaya,3 BHK,Chnts A,1820,2,3,86,560075
Built-up  Area,Ready To Move,Singasandra,3 BHK,,1440,2,3,65,560068
Super built-up  Area,Ready To Move,near Ramanashree California resort,6 BHK,,3600,4,1,160,ERROR
Built-up  Area,Ready To Move,Malleshwaram,4 BHK,GaityEt,2500,5,2,325,560003
Super built-up  Area,18-Aug,Mahadevpura,2 BHK,,1225,2,2,48,560048
Plot  Area,Ready To Move,"6th block banashankari 3rd stage, 100 feet ORR",3 Bedroom,,4000,3,1,660,ERROR
Carpet  Area,Ready To Move,Chikkalasandra,2 BHK,,875,2,3,52.8,560061
Super built-up  Area,Ready To Move,Jalahalli East,1 BHK,ShshaSa,750,1,2,40,560014
Super built-up  Area,Ready To Move,6th Phase JP Nagar,2 BHK,,1180,2,3,80,560078
Super built-up  Area,Ready To Move,Haralur Road,2 BHK,,1194,2,2,47,ERROR
Super built-up  Area,Ready To Move,Hennur Road,3 BHK,,1500,2,2,62,560077
Super built-up  Area,Ready To Move,Poornapragna Housing Society Layout,2 BHK,,1160,2,2,52.2,ERROR
Built-up  Area,Ready To Move,Arekere,9 Bedroom,,4125Perch,9,,265,560076
Super built-up  Area,Ready To Move,Hosakerehalli,3 BHK,Taonte ,2378,3,1,262,560085
Super built-up  Area,Ready To Move,Sarjapur,2 BHK,Ahownve,1128,2,1,60,560037
Super built-up  Area,Ready To Move,Hebbal,3 BHK,Cevely ,1500,3,1,150,560024
Built-up  Area,18-Aug,Huskur,3 BHK,,1220,2,1,35.23,560099
Super built-up  Area,Ready To Move,Sarjapur  Road,2 BHK,,1210,2,2,58,562125
Super built-up  Area,20-Oct,Kanakpura Road,3 BHK,PrarePa,1100,2,1,58,560062
Super built-up  Area,Ready To Move,Bommasandra,3 BHK,Vaodspe,1200,3,2,46,562106
Built-up  Area,18-Mar,Haralur Road,4 BHK,SNnia E,3385,5,,260,ERROR
Super built-up  Area,Ready To Move,Nagondanahalli,3 BHK,DSldsen,1641,3,2,66,560066
Super built-up  Area,Ready To Move,Horamavu Agara,2 BHK,,1200,2,1,45,560043
Super built-up  Area,Ready To Move,Raja Rajeshwari Nagar,2 BHK,NaonySy,1260,2,1,67.39,560098
Super built-up  Area,Ready To Move,Mahadevpura,3 BHK,,1720,3,3,78,560048
Super built-up  Area,Ready To Move,Yelahanka,2 BHK,Rarthne,1120 - 1145,2,0,48.13,560064
Super built-up  Area,Ready To Move,Yelahanka,2 BHK,Pyikad ,1210,2,1,45.98,560064
Built-up  Area,Ready To Move,Indira Nagar,4 Bedroom,,2200,4,2,200,560038
Super built-up  Area,Ready To Move,Bisuvanahalli,3 BHK,Prityel,1075,2,1,45,ERROR
Built-up  Area,Ready To Move,Thanisandra,3 BHK,Soitya ,1702,3,2,130,560077
Super built-up  Area,Ready To Move,Shanthala Nagar,2 BHK,Malex C,1630,2,2,200,560001
Super built-up  Area,Ready To Move,Raja Rajeshwari Nagar,2 BHK,GrrvaGr,1141,2,2,38.55,560098
Super built-up  Area,18-Apr,Shantiniketan Layout,3 BHK,,2072,3,2,108,560076
Super built-up  Area,18-Dec,JP Nagar,5 BHK,Pehtsa ,4400 - 6640,,,375,560078
Built-up  Area,Ready To Move,Herohalli,3 Bedroom,,1200,2,0,70,560091
Super built-up  Area,Ready To Move,Teachers Colony,3 BHK,,1350,3,0,77,560034
Built-up  Area,18-Mar,Bettahalsoor,4 Bedroom,Toainnt,3090 - 5002,4,0,445,ERROR
Super built-up  Area,18-Dec,Srinivasa Nagar,3 BHK,,1180,2,2,78.34,600063
Built-up  Area,Ready To Move,Yelahanka,3 BHK,Edreelm,35000,3,3,130,560064
Super built-up  Area,Ready To Move,Langford Town,2 BHK,,1355,2,2,115,560025
Plot  Area,Ready To Move,Sulthangunta,1 Bedroom,,600,1,0,50,ERROR
Plot  Area,Ready To Move,Hormavu,7 Bedroom,,1200,7,,150,560043
Super built-up  Area,Ready To Move,Bannerghatta Road,3 BHK,,1640,2,1,120,560076
Plot  Area,Ready To Move,Byrathi Village,5 Bedroom,,1200,5,0,100,560077
Super built-up  Area,Ready To Move,Kodichikkanahalli,3 BHK,,1190,2,2,57,560076
Plot  Area,Ready To Move,OMBR Layout,4 Bedroom,,2400,4,2,375,560043
Super built-up  Area,Ready To Move,Marathahalli,2 BHK,,1019,2,2,49.85,560037
Super built-up  Area,Ready To Move,Ambedkar Colony,3 BHK,RMcesa ,1875,3,2,165,ERROR
Super built-up  Area,18-May,Akshaya Nagar,3 BHK,,1250,3,2,40,560016
Plot  Area,Ready To Move,Brookefield,3 Bedroom,Krreera,1200,3,2,140,ERROR
Super built-up  Area,Ready To Move,Whitefield,2 BHK,PaantPl,1140,2,1,56,560066
Super built-up  Area,Ready To Move,Lingadheeranahalli,3 BHK,Soiewre,1683,3,1,109,560091
Super built-up  Area,Ready To Move,Kaggadasapura,3 BHK,Golmsoy,1515,3,,83.3,560093
Super built-up  Area,19-Dec,Hoodi,4 BHK,Caycend,2118,4,2,111,560048
Built-up  Area,Ready To Move,Bannerghatta Road,4 Bedroom,,1380,3,0,58,560076
Super built-up  Area,Ready To Move,Varthur Road,2 BHK,,1083,2,2,61.75,560037
Plot  Area,Ready To Move,Anjappa Layout,2 Bedroom,,600,2,1,55,ERROR
Built-up  Area,Ready To Move,Avalahalli,3 BHK,Sohea A,2300,3,3,120,560062
Super built-up  Area,Ready To Move,Prakruthi Nagar,2 BHK,MSvelek,1240,2,2,60,ERROR
Super built-up  Area,Ready To Move,Surabhi Layout,3 BHK,VDdonel,1750,3,1,120,560064
Super built-up  Area,18-Apr,Sadaramangala,2 BHK,,1230,2,,43.48,ERROR
Plot  Area,17-Aug,Anjanapura,3 Bedroom,,1500,3,1,139,560062
Super built-up  Area,Ready To Move,Abbigere,2 BHK,SLtias ,985,2,1,40.39,560090
Plot  Area,Ready To Move,Tindlu,3 Bedroom,Hentye ,1500,2,1,87,ERROR
Built-up  Area,18-Dec,Electronic City,2 BHK,,1125,2,1,32.49,560100
Built-up  Area,Ready To Move,Maruthi Sevanagar,2 BHK,SMikaay,950,2,1,44,ERROR
Super built-up  Area,18-Dec,JP Nagar,5 BHK,Pehtsa ,4400 - 6800,,,548.5,560078
Super built-up  Area,Ready To Move,Kothanur,3 BHK,,1580,3,3,76,560077
Plot  Area,Ready To Move,B Narayanapura,3 Bedroom,,1092,2,1,98.5,560016
Built-up  Area,18-Jul,Electronic City Phase II,2 BHK,Sryalan,1090,2,1,28.34,560100
Built-up  Area,19-Mar,Hennur Road,3 Bedroom,,2264,3,1,159,560077
Super built-up  Area,19-Aug,Dommasandra,3 BHK,,1033,2,2,25.53,562125
Super built-up  Area,18-Apr,Kammasandra,2 BHK,Prony S,810,2,2,24.5,560100
Super built-up  Area,Ready To Move,Green Garden Layout,2 BHK,PaisePa,1045,2,0,45,560037
Super built-up  Area,18-Sep,Hebbal,2 BHK,Arcia S,1337,2,1,82,560024
Super built-up  Area,Ready To Move,Chandapura,2 BHK,,1200,2,2,32,560081
Super built-up  Area,Ready To Move,Koramangala,3 BHK,TealeRo,1580,3,2,160,560003
Super built-up  Area,Ready To Move,Begur Road,3 BHK,Dhalsh ,1500,2,3,54,560068
Super built-up  Area,18-Sep,Whitefield,3 BHK,Umods W,1640,4,2,91,560066
Super built-up  Area,Ready To Move,Silver Springs Layout,3 BHK,SSarlPe,1570,3,2,62,ERROR
Super built-up  Area,Ready To Move,Gubbalala,3 BHK,MauilTr,1470,2,2,82,560061
Super built-up  Area,Ready To Move,Kengeri,2 BHK,,1160,2,2,40.61,560060
Built-up  Area,Ready To Move,7th Phase JP Nagar,2 BHK,Brnia G,1050,2,1,71,560078
Super built-up  Area,20-Jun,Dairy Circle,3 BHK,Soeurri,1855,3,1,225,ERROR
Super built-up  Area,Ready To Move,Bannerghatta Road,3 BHK,SNity S,1460,2,1,90,560076
Built-up  Area,Ready To Move,Hulimavu,3 BHK,,1823,3,2,100,560076
Super built-up  Area,Ready To Move,Electronic City,2 BHK,Daives ,1094,2,2,42,560100
Super built-up  Area,Ready To Move,Budigere,2 BHK,PrityTr,1153,2,2,57,560049
Built-up  Area,Ready To Move,Hoysalanagar,3 BHK,PNncysi,1325,3,1,57,ERROR
Plot  Area,Ready To Move,Parappana Agrahara,4 Bedroom,,1200,3,2,85,ERROR
Built-up  Area,Ready To Move,Jakkur,3 BHK,Socon Z,1590,2,2,125,560064
Plot  Area,Ready To Move,Jeevan bima nagar,5 Bedroom,,1210,4,2,160,560075
Plot  Area,Ready To Move,Raja Rajeshwari Nagar,4 Bedroom,,1200,4,0,220,560098
Super built-up  Area,Ready To Move,Narayana Nagar 1st Block,2 BHK,Krite D,1202,2,1,48,ERROR
Built-up  Area,Ready To Move,Haralur Road,2 BHK,,1202,2,1,53,ERROR
Super built-up  Area,Ready To Move,KSRTC Layout,2 BHK,Srisei ,1200,2,3,62.5,560078
Super built-up  Area,18-Feb,Panathur,3 BHK,Prcesvy,1688,3,1,118,560087
Built-up  Area,Ready To Move,Kaval Byrasandra,2 BHK,Soestrn,1020,2,1,52,560032
Super built-up  Area,Ready To Move,Sarjapur,2 BHK,Coa 3t ,1185,2,2,47,560037
Super built-up  Area,17-Oct,Ramagondanahalli,2 BHK,ViistLa,1235,2,1,52.04,560066
Super built-up  Area,Ready To Move,Hosakerehalli,4 BHK,Taonte ,3205,5,1,500,560085
Super built-up  Area,Ready To Move,Banashankari,2 BHK,,1077,2,2,37.64,560070
Super built-up  Area,Ready To Move,Kengeri Satellite Town,3 BHK,MB-laan,1415,2,3,66,560068
Super built-up  Area,18-Apr,EPIP Zone,3 BHK,BrontLa,2330,3,2,162,560066
Super built-up  Area,Ready To Move,Whitefield,2 BHK,JahanSa,805,2,2,35,560066
Built-up  Area,Ready To Move,P&T Colony,1 BHK,,425,1,0,20.03,500003
Super built-up  Area,Ready To Move,Whitefield,2 BHK,DNlleks,1155,2,3,59.95,560066
Super built-up  Area,Ready To Move,Cunningham Road,4 BHK,,5270,4,3,1250,560052
Super built-up  Area,Ready To Move,Anekal,2 BHK,,656,2,1,22,562106
Built-up  Area,Ready To Move,New Gurappana Palya,2 BHK,Alncy R,1100,2,0,48,560076
Super built-up  Area,Ready To Move,Mahadevpura,2 BHK,,1150,2,3,52,560048
Plot  Area,Ready To Move,Chelekare,1 Bedroom,,600,1,1,60,ERROR
Super built-up  Area,Ready To Move,Ambedkar Colony,2 BHK,RMcesa ,1468,2,1,140,ERROR
Plot  Area,Ready To Move,Palanahalli,4 Bedroom,RMaanSa,4300,5,2,550,ERROR
Super built-up  Area,18-Dec,Whitefield,3 BHK,Prtates,2280,4,2,126,560066
Super built-up  Area,Ready To Move,Hegde Nagar,2 BHK,Soiniy ,1341,2,1,97,ERROR
Super built-up  Area,Ready To Move,Jakkur,2 BHK,,1279,2,1,77,560064
Super built-up  Area,18-Dec,Electronic City Phase II,4 BHK,SNbay G,2225,4,0,98.88,560100
Super built-up  Area,Ready To Move,Thanisandra,2 BHK,MenueNo,1185,2,2,43.51,560077
Super built-up  Area,Ready To Move,Vadarpalya,3 BHK,VMianri,1750,3,2,85,ERROR
Super built-up  Area,Ready To Move,Kudlu,2 BHK,GKityel,1152,2,1,53.5,560068
Plot  Area,Ready To Move,Shivanagar,5 Bedroom,,1000,4,1,160,560010
Super built-up  Area,Ready To Move,Hulimavu,2 BHK,Jaise P,1300,2,3,36,560076
Plot  Area,18-Nov,Varthur Road,4 Bedroom,,2760,4,2,155,560037
Super built-up  Area,18-Aug,5th Phase JP Nagar,2 BHK,,1070,2,2,39,ERROR
Super built-up  Area,Ready To Move,Uttarahalli,2 BHK,Siayayo,1101,2,0,45,560061
Super built-up  Area,Ready To Move,V.V Puram,2 BHK,,775,2,1,55,ERROR
Super built-up  Area,Ready To Move,Yeshwanthpur,1 BHK,IBityin,667,1,1,36.85,560022
Super built-up  Area,Ready To Move,Electronic City,2 BHK,GMown E,1070,2,1,55,560100
Built-up  Area,Ready To Move,Old Airport Road,3 BHK,Trnce A,1875,2,2,110,ERROR
Super built-up  Area,Ready To Move,Kundalahalli,2 BHK,Dieldli,735,2,1,57.99,560037
Plot  Area,Ready To Move,Sarjapur,5 Bedroom,,4360,4,1,90,560037
Super built-up  Area,Ready To Move,Koramangala,3 BHK,,1750,3,2,130,560003
Super built-up  Area,Ready To Move,Marathahalli,2 BHK,PuilaMi,1215,2,1,67,560037
Plot  Area,Ready To Move,Sector 3 HSR Layout,9 Bedroom,,600,9,3,190,ERROR
Super built-up  Area,Ready To Move,Vishwapriya Layout,2 BHK,Prodsth,820,2,1,30,ERROR
Super built-up  Area,20-Dec,Banashankari Stage VI,2 BHK,Brens7 ,1160 - 1195,2,0,59.935,ERROR
Super built-up  Area,Ready To Move,Battarahalli,3 BHK,PaontWa,1779,3,2,89.61,ERROR
Built-up  Area,Ready To Move,HMT Layout,2 BHK,HMRWAyo,1105,2,2,58,ERROR
Built-up  Area,Ready To Move,Basavanagara,1 BHK,,1000Sq. Meter,2,1,93,560100
Super built-up  Area,Ready To Move,Whitefield,3 BHK,UKkente,1650,3,2,60,560066
Super built-up  Area,Ready To Move,Jalahalli,2 BHK,Tahtsla,1694,2,2,150,560013
Super built-up  Area,Ready To Move,Hosakerehalli,3 BHK,Taonte ,2376,3,1,203,560085
Super built-up  Area,Ready To Move,Cox Town,3 BHK,,1975,3,3,150,560005
Super built-up  Area,Ready To Move,Kammasandra,2 BHK,Icingpy,674,2,1,33,560100
Super built-up  Area,Ready To Move,Kaggadasapura,2 BHK,SLireap,1185,2,1,41,560093
Super built-up  Area,Ready To Move, Thanisandra,1 RK,Bhmesy ,445,1,0,28,560077
Built-up  Area,Ready To Move,Mylasandra,6 Bedroom,VaitySe,900,7,,76,560059
Super built-up  Area,Ready To Move,HSR Layout,3 BHK,,1475,3,2,75,560102
Super built-up  Area,Ready To Move,Gottigere,3 BHK,Sklls C,1618,3,3,82.5,560083
Super built-up  Area,Ready To Move,Koramangala,2 BHK,Vaanda ,1120,2,0,65,560003
Super built-up  Area,Ready To Move,Marathahalli,4 BHK,Sutte C,2181,3,2,152,560037
Plot  Area,Ready To Move,Vidyaranyapura,4 Bedroom,,1200,4,0,90,560097
Plot  Area,Ready To Move,Nagondanahalli,6 Bedroom,,600,4,3,65,560066
Super built-up  Area,18-Oct,Bannerghatta Road,3 BHK,DSnjh S,1556,2,1,59.13,560076
Super built-up  Area,19-Feb,Bannerghatta Road,2 BHK,Hiatei ,1179,2,1,66.02,560076
Super built-up  Area,Ready To Move,Thanisandra,2 BHK,Bhmesy ,1296,2,2,83,560077
Built-up  Area,Ready To Move,Kaggadasapura,2 BHK,VSomepi,1275,2,2,52,560093
Built-up  Area,Ready To Move,Kalasipalya,7 Bedroom,,1875,2,2,300,560002
Super built-up  Area,Ready To Move,Kathriguppe,3 BHK,,1400,2,2,77,560085
Super built-up  Area,Ready To Move,Gottigere,2 BHK,Krryll ,1222,2,1,63,560083
Super built-up  Area,Ready To Move,Electronic City,2 BHK,Palleon,940,2,1,41,560100
Super built-up  Area,Ready To Move,Thanisandra,2 BHK,MenueNo,1185,2,2,42.6,560077
Super built-up  Area,Ready To Move,Tumkur Road,3 BHK,Soite E,1779,3,2,112,572106
Super built-up  Area,Ready To Move,Begur Road,3 BHK,Dhalsh ,1615,3,2,59.76,560068
Super built-up  Area,18-Dec,JP Nagar,4 BHK,Pehtsa ,4000 - 5249,,,453,560078
Super built-up  Area,Ready To Move,Haralur Road,2 BHK,Zostaa ,1056,2,1,61,ERROR
Super built-up  Area,Ready To Move,7th Phase JP Nagar,2 BHK,,1100,2,0,46,560078
Built-up  Area,Ready To Move,Arekere,2 BHK,Prdowth,920,2,1,40,560076
Super built-up  Area,Ready To Move,ITI Layout,3 BHK,BMityre,1602,2,0,75,560016
Built-up  Area,Ready To Move,Padmanabhanagar,2 BHK,,1176,2,0,62,560070
Plot  Area,Ready To Move,HBR Layout,4 Bedroom,,675,3,1,59,560043
Super built-up  Area,Ready To Move,Richmond Town,3 BHK,,1352,3,0,135,560025
Built-up  Area,Ready To Move,Kasavanhalli,3 BHK,HMonymp,1717,3,3,99,560035
Plot  Area,18-Apr,4 Bedroom Farm House in Bagalur,4 Bedroom,,10961,4,1,80,ERROR
Super built-up  Area,18-Jul,Bhoganhalli,4 BHK,Rosha I,2119,4,3,111,ERROR
Super built-up  Area,Ready To Move,Vittasandra,2 BHK,Prlla C,1246,2,1,67.3,ERROR
Super built-up  Area,17-Jul,Anandapura,2 BHK,ViensRK,1141,2,1,42.79,560016
Built-up  Area,Ready To Move,Hennur Road,2 BHK,,1157,2,1,84,560077
Super built-up  Area,18-Aug,Chandapura,2 BHK,SuVue S,1025,2,2,27.68,560081
Built-up  Area,Ready To Move,Yelahanka New Town,1 BHK,KHatsFl,650,1,2,33,560064
Super built-up  Area,Ready To Move,Hebbal,2 BHK,Prersis,1349,2,1,98,560024
Super built-up  Area,Ready To Move,Narayanapura,3 BHK,Veodsar,1566,3,1,83.3,560077
Super built-up  Area,Ready To Move,Sahakara Nagar,4 BHK,OsrdsOr,2830,3,3,195,560092
Built-up  Area,18-Dec,Electronic City,3 BHK,,1320,2,1,38.13,560100
Super built-up  Area,18-Nov,manyata park,3 BHK,,1780,3,1,84.83,560045
Super built-up  Area,Ready To Move,Varthur,2 BHK,Hirio L,1091,2,1,34.9,560087
Super built-up  Area,Ready To Move,Rachenahalli,4 BHK,Leino C,3670,4,3,300,ERROR
Built-up  Area,Ready To Move,7th Phase JP Nagar,2 BHK,,918,2,1,50.49,560078
Super built-up  Area,20-Dec,Yeshwanthpur,4 BHK,Detat H,1950,4,0,130,560022
Super built-up  Area,Ready To Move,Panathur,3 BHK,,1695,3,1,90,560087
Super built-up  Area,Ready To Move,Yelahanka,3 BHK,Shana S,1705,3,2,95,560064
Built-up  Area,Ready To Move,Kalyan nagar,3 BHK,Disical,1375,3,2,75,560043
Super built-up  Area,21-Oct,Kanakpura Road,1 BHK,PrarePa,525,1,1,30,560062
Built-up  Area,20-Dec,Whitefield,2 BHK,,1447,2,1,83,560066
Super built-up  Area,Ready To Move,Thanisandra,2 BHK,SLaceda,1114,2,1,39,560077
Super built-up  Area,Ready To Move,7th Phase JP Nagar,3 BHK,Brsiaen,1450,2,1,100,560078
Super built-up  Area,Ready To Move,Belathur,2 BHK,,460,1,0,15,560067
Built-up  Area,Ready To Move,Vasanthapura,2 BHK,,1022,2,2,40,560062
Built-up  Area,Ready To Move,Hebbal,2 BHK,Ratlet ,1000,2,2,45,560024
Super built-up  Area,18-Apr,Electronic City,2 BHK,Prarkun,1128,2,1,68.75,560100
Super built-up  Area,18-May,Kanakpura Road,2 BHK,Wiowsri,1180,2,2,57,560062
Built-up  Area,Ready To Move,TC Palaya,6 Bedroom,,1000,6,1,69,560016
Plot  Area,Ready To Move,Nagarbhavi,2 Bedroom,,1200,2,1,150,560072
Super built-up  Area,Ready To Move,Sadashiva Nagar,3 BHK,,3761,3,2,660,560080
Super built-up  Area,Ready To Move,Kanakpura Road,2 BHK,PuandHi,1339,2,3,75,560062
Super built-up  Area,Ready To Move,Yelachenahalli,3 BHK,,1400,2,3,55,560078
Super built-up  Area,Ready To Move,7th Phase JP Nagar,2 BHK,SrncyRe,1040,2,1,39.52,560078
Super built-up  Area,Ready To Move,Kadugodi,2 BHK,,1198,2,2,58,560067
Plot  Area,Ready To Move,Shirdi Sai Layout,4 Bedroom,,1200,3,,95,423109
Super built-up  Area,Ready To Move,Sarjapur  Road,3 BHK,Klark L,1691,3,2,113,562125
Super built-up  Area,Ready To Move,Bisuvanahalli,3 BHK,Prityel,1075,3,2,36,ERROR
Super built-up  Area,18-Jun,1st Block Jayanagar,3 BHK,,1630,3,2,194,560011
Super built-up  Area,18-Jun,8th Phase JP Nagar,3 BHK,,1240,3,2,43.5,ERROR
Super built-up  Area,22-Dec,Bannerghatta Road,2 BHK,PrarePa,1115 - 1130,2,0,58.935,560076
Super built-up  Area,Ready To Move,Mallasandra,3 BHK,Puestig,1665,3,2,86.58,560057
Built-up  Area,Ready To Move,Marathahalli,3 BHK,Bintsee,2489,3,,94,560037
Built-up  Area,Ready To Move,Brookefield,2 BHK,Mapleer,1142,2,2,70,ERROR
Super built-up  Area,Ready To Move,Kodbisanhalli,3 BHK,Diacee ,1976,3,1,184,ERROR
Plot  Area,Ready To Move,Sathya Sai Layout,4 Bedroom,Prowshi,5500,4,,600,560066
Super built-up  Area,Ready To Move,Kothannur,3 BHK,,1853,3,2,82,560077
Plot  Area,Ready To Move,Vijayanagar,8 Bedroom,,600,4,1,72,560040
Super built-up  Area,Ready To Move,Kasturi Nagar,2 BHK,,1567,2,2,92,560043
Super built-up  Area,Ready To Move,Talaghattapura,2 BHK,,1090,2,1,27.24,560062
Plot  Area,Ready To Move,Raja Rajeshwari Nagar,6 Bedroom,,1200,4,2,125,560098
Plot  Area,Ready To Move,Indiranagar HAL 2nd Stage,4 Bedroom,,2400,4,1,640,560038
Super built-up  Area,Ready To Move,Electronics City Phase 1,2 BHK,Shitt S,1175,2,2,51.47,560100
Built-up  Area,Ready To Move,Subramanyapura,2 BHK,DSagax ,1200,2,2,52,560061
Built-up  Area,Ready To Move,Kodichikkanahalli,2 BHK,Prs 2hi,995,2,1,41,560076
Super built-up  Area,Ready To Move,Magadi Road,2 BHK,Vrenty ,884,2,1,41.1,560023
Plot  Area,Ready To Move,Vishwanatha Nagenahalli,5 Bedroom,,900,3,2,80,560032
Built-up  Area,Ready To Move,Yeshwanthpur,2 BHK,IBityin,1170,2,2,57,560022
Super built-up  Area,Ready To Move,KR Puram,2 BHK,LVniaar,1225,2,1,46.55,573201
Super built-up  Area,18-Apr,Electronic City,2 BHK,Prarkun,1342,2,1,73.3,560100
Built-up  Area,19-Dec,Uttarahalli,2 BHK,,1345,2,1,67,560061
Built-up  Area,Ready To Move,Kodigehaali,3 BHK,Shyas S,1320,3,0,65,ERROR
Super built-up  Area,Ready To Move,Singapura Village,2 BHK,,1100Sq. Yards,2,,45,627425
Super built-up  Area,Ready To Move,Raja Rajeshwari Nagar,2 BHK,GrrvaGr,1140,2,1,49.39,560098
Super built-up  Area,Ready To Move,Battarahalli,2 BHK,Sancy L,1300,2,1,50,ERROR
Super built-up  Area,Ready To Move,Hosa Road,3 BHK,,1652,3,2,85,560100
Super built-up  Area,Ready To Move,Thigalarapalya,3 BHK,Prtanha,2072,4,2,142,560058
Built-up  Area,Ready To Move,Arekere,3 BHK,,1740,2,,95,560076
Super built-up  Area,Ready To Move,Electronic City,3 BHK,GMown E,1360,2,1,71,560100
Super built-up  Area,Ready To Move,Hosur Road,3 BHK,Sueneu ,1145,2,2,60,560029
Built-up  Area,Ready To Move,Uttarahalli,3 BHK,Laihai ,1540,2,0,40,560061
Super built-up  Area,Ready To Move,Sarjapur  Road,2 BHK,Adeatlm,1278,2,2,95,562125
Super built-up  Area,18-May,Electronic City Phase II,1 BHK,SNbay G,630,1,1,40,560100
Super built-up  Area,21-Jan,Kanakpura Road,3 BHK,PrarePa,1100,3,2,58,560062
Plot  Area,Ready To Move,Bendiganahalli,3 Bedroom,Brersld,1200,3,0,95,ERROR
Built-up  Area,Ready To Move,Hosakerehalli Layout,7 Bedroom,,2500,6,2,115,560085
Super built-up  Area,18-Jun,Chandapura,1 BHK,SuVue S,520 - 645,1,0,15.135,560081
Super built-up  Area,18-Sep,Chandapura,2 BHK,SunceEs,1015,2,2,25.88,560081
Built-up  Area,Ready To Move,Hosur Road,5 Bedroom,,3300,5,2,240,560029
Plot  Area,Ready To Move,Basaveshwara Nagar,5 Bedroom,,4500,5,1,415,560079
Super built-up  Area,Ready To Move,Gunjur,3 BHK,,1356,2,3,66,560087
Super built-up  Area,Ready To Move,Hennagara,2 BHK,,823,2,1,28,562106
Plot  Area,Ready To Move,TC Palaya,3 Bedroom,,1200,2,0,66,560016
Built-up  Area,Ready To Move,Ramamurthy Nagar,2 BHK,,1050,2,0,37,560016
Super built-up  Area,Ready To Move,Ferrar Nagar,2 BHK,Leton A,1180,2,1,69,ERROR
Super built-up  Area,Ready To Move,Whitefield,2 BHK,Sonviik,1116,2,3,51.91,560066
Super built-up  Area,Ready To Move,7th Phase JP Nagar,2 BHK,SrncyRe,1070,2,1,42.79,560078
Super built-up  Area,17-Mar,Varthur,2 BHK,Uptusol,1385,2,3,80,560087
Plot  Area,Ready To Move,Varthur,1 Bedroom,,1000,1,1,70,560087
Built-up  Area,18-Feb,Whitefield,3 BHK,,1897,3,2,130,560066
Super built-up  Area,18-Aug,Magadi Road,2 BHK,Vrenty ,1005,2,1,55.78,560023
Super built-up  Area,Ready To Move,Green Glen Layout,3 BHK,Soinequ,1575,3,2,125,ERROR
Super built-up  Area,Ready To Move,Subramanyapura,2 BHK,Mayne A,975,2,1,65,560061
Super built-up  Area,Ready To Move,Hennur Road,3 BHK,SaireSa,1904,3,2,120,560077
Super built-up  Area,Ready To Move,Kengeri Satellite Town,1 BHK,,930,1,1,30,560068
Super built-up  Area,21-Dec,Kanakpura Road,1 BHK,PrarePa,525,1,1,26,560062
Super built-up  Area,Ready To Move,BAGUR,1 BHK,,686,1,1,17,ERROR
Plot  Area,Ready To Move,Electronic City Phase II,2 Bedroom,Daosts ,2400,3,1,150,560100
Plot  Area,Ready To Move,8th block Koramangala,2 Bedroom,,1410,1,0,233,560095
Built-up  Area,18-Apr,Sarjapur  Road,3 Bedroom,,2238,3,1,140,562125
Super built-up  Area,Ready To Move,Harlur,2 BHK,Prncyrn,1174,2,1,69,ERROR
Built-up  Area,Ready To Move,Thubarahalli,4 Bedroom,,3800,4,3,239,560066
Super built-up  Area,Ready To Move,Whitefield,3 BHK,UKe 2nz,2225,2,1,125,560066
Super built-up  Area,Ready To Move,M.G Road,2 BHK,SontsAp,1250,2,0,200,ERROR
Super built-up  Area,Ready To Move,Jigani,2 BHK,DLhtsan,918,2,2,52,560085
Super built-up  Area,Ready To Move,Mahadevpura,2 BHK,,1250,2,3,52,560048
Super built-up  Area,Ready To Move,Sarjapur  Road,3 BHK,Maantr ,1800,3,,110,562125
Built-up  Area,Ready To Move,Marathahalli,2 BHK,Foodasa,1170,2,3,53,560037
Super built-up  Area,Ready To Move,Byatarayanapura,1 BHK,,1300,1,0,200,742149
Built-up  Area,Ready To Move,Bannerghatta Road,2 BHK,,793,2,1,45,560076
Super built-up  Area,Ready To Move,Jakkur,3 BHK,BrdgeNo,1710,3,2,107,560064
Super built-up  Area,Ready To Move,Kambipura,3 BHK,Prrtht ,1082,2,1,57.5,560074
Super built-up  Area,18-Mar,Naganathapura,2 BHK,,1001,2,2,33.03,ERROR
Built-up  Area,Ready To Move,Srinivasa Nagar,4 Bedroom,,1500,4,,180,600063
Super built-up  Area,Ready To Move,Yelahanka,3 BHK,,1590,2,1,54,560064
Super built-up  Area,Ready To Move,Basavanagara,3 BHK,,2400,2,0,80,560100
Super built-up  Area,Ready To Move,Horamavu Banaswadi,3 BHK,Asorai ,1554,3,2,55,560043
Super built-up  Area,18-Dec,Thanisandra,2 BHK,Omter A,1000 - 1285,2,0,43.415,560077
Super built-up  Area,Ready To Move,Bellandur,5 BHK,,4239,5,2,423,560037
Built-up  Area,Ready To Move,Konanakunte,2 Bedroom,,884,1,0,58,560062
Super built-up  Area,19-Mar,Hosa Road,2 BHK,Skume R,1045,2,1,98.89,560100
Super built-up  Area,Ready To Move,Marathahalli,2 BHK,,1019,2,2,49.86,560037
Super built-up  Area,Ready To Move,Ambedkar Nagar,3 BHK,SoechHa,1935,4,2,130,110062
Super built-up  Area,Ready To Move,Uttarahalli,3 BHK,,1135,2,2,39.73,560061
Super built-up  Area,Ready To Move,Lakshminarayana Pura,3 BHK,RothaVa,1680,3,2,150,ERROR
Super built-up  Area,19-Jun,Hebbal,4 BHK,Raard B,2470,5,2,247,560024
Super built-up  Area,Ready To Move,1st Phase JP Nagar,4 BHK,Prhtsok,2825,4,3,250,560078
Super built-up  Area,Ready To Move,Hosakerehalli,3 BHK,Taonte ,2480,3,1,330,560085
Plot  Area,Ready To Move,5th Phase JP Nagar,9 Bedroom,,1260,11,,290,ERROR
Plot  Area,Ready To Move,Ramamurthy Nagar,5 Bedroom,,1800,4,3,187,560016
Built-up  Area,Ready To Move,Kasavanhalli,3 BHK,Ocrda M,1799,3,3,90,560035
Super built-up  Area,Ready To Move,Whitefield,4 Bedroom,PrOakSi,3606 - 5091,,,304,560066
Built-up  Area,Ready To Move,Attibele,1 BHK,Jae 2hu,400,1,1,11,562107
Built-up  Area,18-Mar,Kundalahalli,2 BHK,Dieldli,1047,2,1,82,560037
Super built-up  Area,Ready To Move,Kaverappa Layout,2 BHK,Kesomrn,1282,2,2,87,560076
Super built-up  Area,Ready To Move,NGR Layout,2 BHK,,1020,2,1,45.9,ERROR
Plot  Area,Ready To Move,Kammanahalli,4 Bedroom,,1080,3,1,155,560043
Super built-up  Area,Ready To Move,Whitefield,2 BHK,UKe 2nz,1495,2,1,79.5,560066
Built-up  Area,Ready To Move,Kasavanhalli,4 Bedroom,Vaidsi ,3260,4,1,240,560035
Super built-up  Area,17-Oct,Divya Unnathi Layout,3 BHK,,1611,2,2,64.44,ERROR
Super built-up  Area,Ready To Move,Koramangala,4 BHK,K ncy R,3500,5,2,425,560003
Built-up  Area,Ready To Move,Vasantha Vallabha Nagar,3 Bedroom,,1500,2,2,95,ERROR
Super built-up  Area,Ready To Move,Sahakara Nagar,3 BHK,EsniaGa,1500,2,2,95,560092
Plot  Area,Ready To Move,Yelahanka,4 Bedroom,Aaire S,3206,5,,270,560064
Super built-up  Area,Ready To Move,Uttarahalli,3 BHK,Laihai ,1540,3,0,50,560061
Super built-up  Area,18-May,Hosa Road,3 BHK,Pamesy ,1639,3,1,80,560100
Plot  Area,Ready To Move,Marathahalli,4 Bedroom,,700,4,,72,560037
Super built-up  Area,Ready To Move,Raja Rajeshwari Nagar,2 BHK,GrrvaGr,1303,2,2,55.79,560098
Super built-up  Area,Ready To Move,Koramangala,2 BHK,K ncy R,1005,1,1,110,560003
Super built-up  Area,Ready To Move,Kammasandra,1 BHK,Puitea ,650 - 665,1,0,18.41,560100
Super built-up  Area,18-Oct,Chandapura,3 BHK,SunceEs,1305,3,1,33.28,560081
Plot  Area,Ready To Move,Kothannur,3 Bedroom,,600,4,0,95,560077
Super built-up  Area,Ready To Move,sapthagiri Layout,2 BHK,,1300,1,1,115,560097
Super built-up  Area,Ready To Move,Brookefield,3 BHK,Saowson,1440,2,3,68,ERROR
Super built-up  Area,18-Dec,Seegehalli,2 BHK,,901,2,1,35.14,ERROR
Super built-up  Area,Ready To Move,Rajaji Nagar,3 BHK,Brway G,1725,3,3,200,560010
Built-up  Area,Ready To Move,Sarjapur,3 BHK,,900,2,1,42,560037
Super built-up  Area,Ready To Move,BEML Layout,2 BHK,,1060,2,1,55,ERROR
Super built-up  Area,Ready To Move,NGR Layout,2 BHK,,1020,2,1,48.45,ERROR
Super built-up  Area,20-Dec,Varthur,3 BHK,Myple M,1535,3,2,65.99,560087
Built-up  Area,Ready To Move,Alur,1 BHK,,530,1,1,20,680683
Super built-up  Area,Ready To Move,Haralur Road,3 BHK,NRowse ,1464,3,2,56,ERROR
Super built-up  Area,Ready To Move,Devarabisanahalli,2 BHK,Spdoren,1350,2,3,80,560037
Super built-up  Area,Ready To Move,Sarjapur  Road,2 BHK,,1115,2,2,50,562125
Super built-up  Area,Ready To Move,Uttarahalli,2 BHK,,1175,2,2,47,560061
Built-up  Area,Ready To Move,Whitefield,2 BHK,,1113,2,1,62,560066
Plot  Area,Ready To Move,Uttarahalli,6 Bedroom,,1200,4,2,225,560061
Plot  Area,Ready To Move,Ramamurthy Nagar,5 Bedroom,,1640,4,3,240,560016
Built-up  Area,Ready To Move,Giri Nagar,2 BHK,Spanda ,650,2,0,42,560085
Super built-up  Area,Ready To Move,Marathahalli,2 BHK,,1325,2,2,71.55,560037
Built-up  Area,Ready To Move,Electronics City Phase 1,2 BHK,Shelash,950,2,3,31,560100
Super built-up  Area,18-Apr,Jakkur,3 BHK,,1396,2,1,86.51,560064
Super built-up  Area,Ready To Move,Rachenahalli,2 BHK,,1050,2,2,52.07,ERROR
Super built-up  Area,Ready To Move,Thanisandra,3 BHK,,1825,3,2,100,560077
Super built-up  Area,Ready To Move,7th Phase JP Nagar,2 BHK,Vasta C,1190,2,1,49.98,560078
Super built-up  Area,Ready To Move,Marathahalli,2 BHK,,1220,2,1,56.5,560037
Super built-up  Area,Ready To Move,NRI Layout,3 BHK,,1565,2,2,75,560016
Super built-up  Area,Ready To Move,Hennur Road,3 BHK,SaireSa,1891,3,1,109,560077
Built-up  Area,Ready To Move,Sidedahalli,2 BHK,,900,2,0,27,560073
Super built-up  Area,18-Jul,Hosa Road,2 BHK,Mahesr ,1161,2,1,55.15,560100
Super built-up  Area,Ready To Move,Sarjapur,1 BHK,DSousyl,633 - 666,1,0,17.535,560037
Plot  Area,Ready To Move,Dwarka Nagar,8 Bedroom,,2400,6,3,125,ERROR
Plot  Area,Ready To Move,Rajaji Nagar,4 Bedroom,,315,4,2,90,560010
Super built-up  Area,Ready To Move,Yeshwanthpur,1 BHK,IBityin,665,1,1,36.85,560022
Super built-up  Area,19-Jan,Mysore Road,2 BHK,,1175,2,1,73.5,560076
Built-up  Area,Ready To Move,Hoodi,2 BHK,Goeur G,1425,2,2,80,560048
Plot  Area,Ready To Move,Chikkabanavar,1 Bedroom,,1200,1,0,20,ERROR
Plot  Area,18-Aug,ITPL,3 Bedroom,,1200,3,1,56.12,560066
Built-up  Area,Ready To Move,Somasundara Palya,2 BHK,Abeesmi,1255,2,2,67,560102
